2025-12-18 05:07:43,091 - Knowledge - INFO - Created shared MongoDB connection pool
2025-12-18 05:07:43,389 - Knowledge - INFO - Starting Knowledge Graph processing with 20 threads
2025-12-18 05:07:43,550 - Knowledge - INFO - Initial configuration: chunk_size=65536, max_cache_size=500
2025-12-18 05:07:43,782 - Knowledge - INFO - Knowledge Graph concurrency configuration: workers=20, max_batch_size=10, max_concurrent_llm_calls=50
2025-12-18 05:07:45,426 - Knowledge - INFO - 🔍 _load_persisted_knowledge called - checking for Redis optimization
2025-12-18 05:07:45,665 - Knowledge - WARNING - ❌ load_from_redis method not found - Redis support not attached
2025-12-18 05:07:45,856 - Knowledge - INFO - load persisted knowledge: begin
2025-12-18 05:07:46,015 - Knowledge - INFO - Loaded 0 files from persisted knowledge
2025-12-18 05:07:46,197 - Knowledge - INFO - load persisted knowledge: end
2025-12-18 05:07:46,429 - Knowledge - WARNING - No persisted knowledge found. Files will be queued during start()
2025-12-18 05:07:46,616 - Knowledge - INFO - Redis support added with prefix knowledge:b8507vs:
2025-12-18 05:07:46,886 - Knowledge - INFO - Starting knowledge initialization for ID: uqKUd0-b8507vs
2025-12-18 05:07:47,094 - Knowledge - INFO - 🔍 Checking Redis for build_id: b8507vs
2025-12-18 05:07:47,290 - Knowledge - INFO - 🔍 Full session ID: uqKUd0-b8507vs
2025-12-18 05:07:47,482 - Knowledge - INFO - 🔍 Redis prefix will be: knowledge:b8507vs:
2025-12-18 05:07:47,661 - Knowledge - INFO - 🔍 Using attached load_from_redis() method
2025-12-18 05:07:47,811 - Knowledge - INFO - 🔍 Attempting to load knowledge from Redis...
2025-12-18 05:07:48,009 - Knowledge - INFO - 🔍 Using derived instance_id for Redis lookup: b8507vs
2025-12-18 05:07:48,186 - Knowledge - WARNING - ❌ No Redis cache found
2025-12-18 05:07:48,387 - Knowledge - INFO - 📁 Loading knowledge from disk...
2025-12-18 05:07:48,630 - Knowledge - INFO - load persisted docinfo: begin
2025-12-18 05:07:48,779 - Knowledge - INFO - load persisted docinfo: end
2025-12-18 05:07:48,984 - Knowledge - INFO - 🔍 _load_persisted_knowledge called - checking for Redis optimization
2025-12-18 05:07:49,154 - Knowledge - INFO - ✅ load_from_redis method found - attempting Redis load
2025-12-18 05:07:49,388 - Knowledge - INFO - 🔍 Attempting to load knowledge from Redis...
2025-12-18 05:07:49,557 - Knowledge - INFO - 🔍 Using derived instance_id for Redis lookup: b8507vs
2025-12-18 05:07:49,770 - Knowledge - WARNING - ❌ No Redis cache found
2025-12-18 05:07:49,959 - Knowledge - INFO - ❌ Redis load returned False - falling back to file loading
2025-12-18 05:07:50,167 - Knowledge - INFO - load persisted knowledge: begin
2025-12-18 05:07:50,325 - Knowledge - INFO - Loaded 0 files from persisted knowledge
2025-12-18 05:07:50,519 - Knowledge - INFO - load persisted knowledge: end
2025-12-18 05:07:50,690 - Knowledge - INFO - 📁 Disk load complete in 2.10s
2025-12-18 05:07:50,862 - Knowledge - INFO - Populating ingest queue with source files...
2025-12-18 05:07:51,121 - Knowledge - INFO - Added 290 files from /app/data/gemtektechnologycoltd2546/3455/b8507vs/lighttpd2-3455 to ingest queue
2025-12-18 05:07:51,342 - Knowledge - INFO - [WEBSOCKET] Sent: Type=progress_update, Size: 160, Duration: 0ms
2025-12-18 05:07:51,541 - Knowledge - INFO - Worker kw1 created using shared MongoDB connection pool
2025-12-18 05:07:51,692 - Knowledge - INFO - knowledge worker kw1 start
2025-12-18 05:07:51,693 - Knowledge - INFO - Worker kw2 created using shared MongoDB connection pool
2025-12-18 05:07:51,876 - Knowledge - INFO - [kw1] Queue=290, InProgress=0, PendingWorkers=0/1, Completed=0/290 (0.0%)
2025-12-18 05:07:51,962 - Knowledge - INFO - knowledge worker kw2 start
2025-12-18 05:07:51,968 - Knowledge - INFO - Worker kw3 created using shared MongoDB connection pool
2025-12-18 05:07:52,057 - Knowledge - INFO - Batch sizing: calculated=6, max_allowed=10, queue=290, active_workers=0/2
2025-12-18 05:07:52,128 - Knowledge - INFO - [kw2] Queue=290, InProgress=0, PendingWorkers=0/2, Completed=0/290 (0.0%)
2025-12-18 05:07:52,228 - Knowledge - INFO - knowledge worker kw3 start
2025-12-18 05:07:52,229 - Knowledge - INFO - Worker kw4 created using shared MongoDB connection pool
2025-12-18 05:07:52,313 - Knowledge - INFO - Worker kw1 processing /app/data/gemtektechnologycoltd2546/3455/b8507vs/lighttpd2-3455/src/modules/mod_flv.c
2025-12-18 05:07:52,435 - Knowledge - INFO - Batch sizing: calculated=6, max_allowed=10, queue=290, active_workers=1/3
2025-12-18 05:07:52,543 - Knowledge - INFO - [kw3] Queue=284, InProgress=0, PendingWorkers=1/3, Completed=0/290 (0.0%)
2025-12-18 05:07:52,624 - Knowledge - INFO - knowledge worker kw4 start
2025-12-18 05:07:52,625 - Knowledge - INFO - Worker kw5 created using shared MongoDB connection pool
2025-12-18 05:07:52,735 - Knowledge - INFO - Worker kw1 processing /app/data/gemtektechnologycoltd2546/3455/b8507vs/lighttpd2-3455/src/modules/gnutls_filter.h
2025-12-18 05:07:52,830 - Knowledge - INFO - Worker kw2 processing /app/data/gemtektechnologycoltd2546/3455/b8507vs/lighttpd2-3455/src/modules/ssl-session-db.h
2025-12-18 05:07:52,906 - Knowledge - INFO - Batch sizing: calculated=6, max_allowed=10, queue=284, active_workers=2/4
2025-12-18 05:07:53,006 - Knowledge - INFO - [kw4] Queue=278, InProgress=0, PendingWorkers=2/4, Completed=0/290 (0.0%)
2025-12-18 05:07:53,130 - Knowledge - INFO - knowledge worker kw5 start
2025-12-18 05:07:53,130 - Knowledge - INFO - Worker kw6 created using shared MongoDB connection pool
2025-12-18 05:07:53,211 - Knowledge - INFO - Fast-tracked /app/data/gemtektechnologycoltd2546/3455/b8507vs/lighttpd2-3455/src/modules/gnutls_filter.h (ext=.h, size=1071)
2025-12-18 05:07:53,306 - Knowledge - INFO - Worker kw2 processing /app/data/gemtektechnologycoltd2546/3455/b8507vs/lighttpd2-3455/src/modules/mod_redirect.c
2025-12-18 05:07:53,413 - Knowledge - INFO - Worker kw3 processing /app/data/gemtektechnologycoltd2546/3455/b8507vs/lighttpd2-3455/src/modules/gnutls_ocsp.c
2025-12-18 05:07:53,528 - Knowledge - INFO - Batch sizing: calculated=6, max_allowed=10, queue=278, active_workers=3/5
2025-12-18 05:07:53,639 - Knowledge - INFO - [kw5] Queue=272, InProgress=0, PendingWorkers=3/5, Completed=0/290 (0.0%)
2025-12-18 05:07:53,686 - Knowledge - INFO - knowledge worker kw6 start
2025-12-18 05:07:53,686 - Knowledge - INFO - Worker kw7 created using shared MongoDB connection pool
2025-12-18 05:07:53,762 - Knowledge - INFO - Worker kw1 processing /app/data/gemtektechnologycoltd2546/3455/b8507vs/lighttpd2-3455/src/modules/mod_openssl.c
2025-12-18 05:07:53,862 - Knowledge - INFO - Worker kw2 processing /app/data/gemtektechnologycoltd2546/3455/b8507vs/lighttpd2-3455/src/modules/mod_auth.c
2025-12-18 05:07:53,955 - Knowledge - INFO - Worker kw3 processing /app/data/gemtektechnologycoltd2546/3455/b8507vs/lighttpd2-3455/src/modules/fastcgi_stream.h
2025-12-18 05:07:54,060 - Knowledge - INFO - Worker kw4 processing /app/data/gemtektechnologycoltd2546/3455/b8507vs/lighttpd2-3455/src/modules/mod_throttle.c
2025-12-18 05:07:54,139 - Knowledge - INFO - Batch sizing: calculated=6, max_allowed=10, queue=272, active_workers=4/6
2025-12-18 05:07:54,266 - Knowledge - INFO - [kw6] Queue=266, InProgress=0, PendingWorkers=4/6, Completed=0/290 (0.0%)
2025-12-18 05:07:54,381 - Knowledge - INFO - knowledge worker kw7 start
2025-12-18 05:07:54,382 - Knowledge - INFO - Worker kw8 created using shared MongoDB connection pool
2025-12-18 05:07:54,468 - Knowledge - INFO - Worker kw1 processing /app/data/gemtektechnologycoltd2546/3455/b8507vs/lighttpd2-3455/src/modules/mod_accesslog.c
2025-12-18 05:07:54,551 - Knowledge - INFO - Worker kw2 processing /app/data/gemtektechnologycoltd2546/3455/b8507vs/lighttpd2-3455/src/modules/mod_access.c
2025-12-18 05:07:54,617 - Knowledge - INFO - Worker kw3 processing /app/data/gemtektechnologycoltd2546/3455/b8507vs/lighttpd2-3455/src/modules/mod_proxy.c
2025-12-18 05:07:54,706 - Knowledge - INFO - Worker kw4 processing /app/data/gemtektechnologycoltd2546/3455/b8507vs/lighttpd2-3455/src/modules/mod_userdir.c
2025-12-18 05:07:54,817 - Knowledge - INFO - Worker kw5 processing /app/data/gemtektechnologycoltd2546/3455/b8507vs/lighttpd2-3455/src/modules/mod_progress.c
2025-12-18 05:07:54,959 - Knowledge - INFO - Batch sizing: calculated=6, max_allowed=10, queue=266, active_workers=5/7
2025-12-18 05:07:55,041 - Knowledge - INFO - [kw7] Queue=260, InProgress=0, PendingWorkers=5/7, Completed=0/290 (0.0%)
2025-12-18 05:07:55,125 - Knowledge - INFO - knowledge worker kw8 start
2025-12-18 05:07:55,125 - Knowledge - INFO - Worker kw9 created using shared MongoDB connection pool
2025-12-18 05:07:55,229 - Knowledge - INFO - Worker kw1 processing /app/data/gemtektechnologycoltd2546/3455/b8507vs/lighttpd2-3455/src/modules/mod_status.c
2025-12-18 05:07:55,314 - Knowledge - INFO - Worker kw2 processing /app/data/gemtektechnologycoltd2546/3455/b8507vs/lighttpd2-3455/src/modules/mod_rewrite.c
2025-12-18 05:07:55,448 - Knowledge - INFO - Worker kw3 processing /app/data/gemtektechnologycoltd2546/3455/b8507vs/lighttpd2-3455/src/modules/openssl_filter.c
2025-12-18 05:07:55,562 - Knowledge - INFO - Worker kw4 processing /app/data/gemtektechnologycoltd2546/3455/b8507vs/lighttpd2-3455/src/modules/mod_cache_disk_etag.c
2025-12-18 05:07:55,646 - Knowledge - INFO - Worker kw5 processing /app/data/gemtektechnologycoltd2546/3455/b8507vs/lighttpd2-3455/src/modules/fastcgi_stream.c
2025-12-18 05:07:55,728 - Knowledge - INFO - Worker kw6 processing /app/data/gemtektechnologycoltd2546/3455/b8507vs/lighttpd2-3455/src/modules/mod_dirlist.c
2025-12-18 05:07:55,813 - Knowledge - INFO - Batch sizing: calculated=6, max_allowed=10, queue=260, active_workers=6/8
2025-12-18 05:07:55,925 - Knowledge - INFO - [kw8] Queue=254, InProgress=0, PendingWorkers=6/8, Completed=0/290 (0.0%)
2025-12-18 05:07:56,013 - Knowledge - INFO - knowledge worker kw9 start
2025-12-18 05:07:56,024 - Knowledge - INFO - Worker kw10 created using shared MongoDB connection pool
2025-12-18 05:07:56,097 - Knowledge - INFO - Worker kw1 processing /app/data/gemtektechnologycoltd2546/3455/b8507vs/lighttpd2-3455/src/modules/mod_vhost.c
2025-12-18 05:07:56,193 - Knowledge - INFO - Worker kw2 processing /app/data/gemtektechnologycoltd2546/3455/b8507vs/lighttpd2-3455/src/modules/mod_lua.c
2025-12-18 05:07:56,313 - Knowledge - INFO - Worker kw3 processing /app/data/gemtektechnologycoltd2546/3455/b8507vs/lighttpd2-3455/src/modules/mod_scgi.c
2025-12-18 05:07:56,386 - Knowledge - INFO - Worker kw4 processing /app/data/gemtektechnologycoltd2546/3455/b8507vs/lighttpd2-3455/src/modules/mod_fastcgi.c
2025-12-18 05:07:56,464 - Knowledge - INFO - Worker kw5 processing /app/data/gemtektechnologycoltd2546/3455/b8507vs/lighttpd2-3455/src/modules/mod_expire.c
2025-12-18 05:07:56,547 - Knowledge - INFO - Worker kw6 processing /app/data/gemtektechnologycoltd2546/3455/b8507vs/lighttpd2-3455/src/modules/mod_memcached.c
2025-12-18 05:07:56,619 - Knowledge - INFO - Worker kw7 processing /app/data/gemtektechnologycoltd2546/3455/b8507vs/lighttpd2-3455/src/common/memcached.c
2025-12-18 05:07:56,754 - Knowledge - INFO - Batch sizing: calculated=6, max_allowed=10, queue=254, active_workers=7/9
2025-12-18 05:07:56,844 - Knowledge - INFO - [kw9] Queue=248, InProgress=0, PendingWorkers=7/9, Completed=0/290 (0.0%)
2025-12-18 05:07:56,919 - Knowledge - INFO - knowledge worker kw10 start
2025-12-18 05:07:56,919 - Knowledge - INFO - Worker kw11 created using shared MongoDB connection pool
2025-12-18 05:07:57,183 - Knowledge - INFO - Worker kw3 processing /app/data/gemtektechnologycoltd2546/3455/b8507vs/lighttpd2-3455/src/modules/mod_balance.c
2025-12-18 05:07:57,258 - Knowledge - INFO - Worker kw4 processing /app/data/gemtektechnologycoltd2546/3455/b8507vs/lighttpd2-3455/src/modules/ssl_client_hello_parser.h
2025-12-18 05:07:57,355 - Knowledge - INFO - Worker kw5 processing /app/data/gemtektechnologycoltd2546/3455/b8507vs/lighttpd2-3455/src/modules/mod_gnutls.c
2025-12-18 05:07:57,472 - Knowledge - INFO - Worker kw6 processing /app/data/gemtektechnologycoltd2546/3455/b8507vs/lighttpd2-3455/src/modules/mod_debug.c
2025-12-18 05:07:57,595 - Knowledge - INFO - Worker kw7 processing /app/data/gemtektechnologycoltd2546/3455/b8507vs/lighttpd2-3455/src/common/sys_memory.c
2025-12-18 05:07:57,686 - Knowledge - INFO - Worker kw8 processing /app/data/gemtektechnologycoltd2546/3455/b8507vs/lighttpd2-3455/src/common/mempool.c
2025-12-18 05:07:57,763 - Knowledge - INFO - Batch sizing: calculated=6, max_allowed=10, queue=248, active_workers=8/10
2025-12-18 05:07:57,863 - Knowledge - INFO - [kw10] Queue=242, InProgress=0, PendingWorkers=8/10, Completed=0/290 (0.0%)
2025-12-18 05:07:57,945 - Knowledge - INFO - knowledge worker kw11 start
2025-12-18 05:07:57,945 - Knowledge - INFO - Worker kw12 created using shared MongoDB connection pool
2025-12-18 05:07:58,161 - Knowledge - INFO - Worker kw4 processing /app/data/gemtektechnologycoltd2546/3455/b8507vs/lighttpd2-3455/src/modules/mod_deflate.c
2025-12-18 05:07:58,250 - Knowledge - INFO - Worker kw5 processing /app/data/gemtektechnologycoltd2546/3455/b8507vs/lighttpd2-3455/src/modules/mod_fortune.c
2025-12-18 05:07:58,374 - Knowledge - INFO - Worker kw6 processing /app/data/gemtektechnologycoltd2546/3455/b8507vs/lighttpd2-3455/src/modules/gnutls_ocsp.h
2025-12-18 05:07:58,472 - Knowledge - INFO - Worker kw7 processing /app/data/gemtektechnologycoltd2546/3455/b8507vs/lighttpd2-3455/src/common/sys_socket.c
2025-12-18 05:07:58,592 - Knowledge - INFO - Worker kw8 processing /app/data/gemtektechnologycoltd2546/3455/b8507vs/lighttpd2-3455/src/common/idlist.c
2025-12-18 05:07:58,680 - Knowledge - INFO - Worker kw9 processing /app/data/gemtektechnologycoltd2546/3455/b8507vs/lighttpd2-3455/src/common/radix.c
2025-12-18 05:07:58,780 - Knowledge - INFO - Batch sizing: calculated=6, max_allowed=10, queue=242, active_workers=9/11
2025-12-18 05:07:58,882 - Knowledge - INFO - [kw11] Queue=236, InProgress=0, PendingWorkers=9/11, Completed=0/290 (0.0%)
2025-12-18 05:07:58,959 - Knowledge - INFO - knowledge worker kw12 start
2025-12-18 05:07:58,960 - Knowledge - INFO - Worker kw13 created using shared MongoDB connection pool
2025-12-18 05:07:59,155 - Knowledge - INFO - Worker kw5 processing /app/data/gemtektechnologycoltd2546/3455/b8507vs/lighttpd2-3455/src/modules/gnutls_filter.c
2025-12-18 05:07:59,273 - Knowledge - INFO - Fast-tracked /app/data/gemtektechnologycoltd2546/3455/b8507vs/lighttpd2-3455/src/modules/gnutls_ocsp.h (ext=.h, size=1094)
2025-12-18 05:07:59,368 - Knowledge - INFO - Fast-tracked /app/data/gemtektechnologycoltd2546/3455/b8507vs/lighttpd2-3455/src/common/sys_socket.c (ext=.c, size=1614)
2025-12-18 05:07:59,473 - Knowledge - INFO - Worker kw8 processing /app/data/gemtektechnologycoltd2546/3455/b8507vs/lighttpd2-3455/src/common/events.c
2025-12-18 05:07:59,562 - Knowledge - INFO - Worker kw9 processing /app/data/gemtektechnologycoltd2546/3455/b8507vs/lighttpd2-3455/src/common/tasklet.c
2025-12-18 05:07:59,654 - Knowledge - INFO - Worker kw10 processing /app/data/gemtektechnologycoltd2546/3455/b8507vs/lighttpd2-3455/src/common/angel_connection.c
2025-12-18 05:07:59,731 - Knowledge - INFO - Batch sizing: calculated=6, max_allowed=10, queue=236, active_workers=10/12
2025-12-18 05:07:59,819 - Knowledge - INFO - [kw12] Queue=230, InProgress=0, PendingWorkers=10/12, Completed=0/290 (0.0%)
2025-12-18 05:07:59,936 - Knowledge - INFO - knowledge worker kw13 start
2025-12-18 05:07:59,936 - Knowledge - INFO - Worker kw14 created using shared MongoDB connection pool
2025-12-18 05:08:00,103 - Knowledge - INFO - Worker kw6 processing /app/data/gemtektechnologycoltd2546/3455/b8507vs/lighttpd2-3455/src/modules/mod_limit.c
2025-12-18 05:08:00,188 - Knowledge - INFO - Worker kw7 processing /app/data/gemtektechnologycoltd2546/3455/b8507vs/lighttpd2-3455/src/common/encoding.c
2025-12-18 05:08:00,270 - Knowledge - INFO - Worker kw8 processing /app/data/gemtektechnologycoltd2546/3455/b8507vs/lighttpd2-3455/src/common/value.c
2025-12-18 05:08:00,346 - Knowledge - INFO - Worker kw9 processing /app/data/gemtektechnologycoltd2546/3455/b8507vs/lighttpd2-3455/src/common/fetch.c
2025-12-18 05:08:00,438 - Knowledge - INFO - Worker kw10 processing /app/data/gemtektechnologycoltd2546/3455/b8507vs/lighttpd2-3455/src/common/value_impl.c
2025-12-18 05:08:00,506 - Knowledge - INFO - Worker kw11 processing /app/data/gemtektechnologycoltd2546/3455/b8507vs/lighttpd2-3455/src/main/filter_chunked.c
2025-12-18 05:08:00,654 - Knowledge - INFO - Batch sizing: calculated=6, max_allowed=10, queue=230, active_workers=11/13
2025-12-18 05:08:00,729 - Knowledge - INFO - [kw13] Queue=224, InProgress=0, PendingWorkers=11/13, Completed=0/290 (0.0%)
2025-12-18 05:08:00,854 - Knowledge - INFO - knowledge worker kw14 start
2025-12-18 05:08:00,855 - Knowledge - INFO - Worker kw15 created using shared MongoDB connection pool
2025-12-18 05:08:00,935 - Knowledge - INFO - Worker kw6 processing /app/data/gemtektechnologycoltd2546/3455/b8507vs/lighttpd2-3455/src/modules/openssl_filter.h
2025-12-18 05:08:01,009 - Knowledge - INFO - Worker kw7 processing /app/data/gemtektechnologycoltd2546/3455/b8507vs/lighttpd2-3455/src/common/profiler.c
2025-12-18 05:08:01,094 - Knowledge - INFO - Worker kw8 processing /app/data/gemtektechnologycoltd2546/3455/b8507vs/lighttpd2-3455/src/common/jobqueue.c
2025-12-18 05:08:01,169 - Knowledge - INFO - Worker kw9 processing /app/data/gemtektechnologycoltd2546/3455/b8507vs/lighttpd2-3455/src/common/waitqueue.c
2025-12-18 05:08:01,255 - Knowledge - INFO - Worker kw10 processing /app/data/gemtektechnologycoltd2546/3455/b8507vs/lighttpd2-3455/src/main/stat_cache.c
2025-12-18 05:08:01,306 - Knowledge - INFO - Fast-tracked /app/data/gemtektechnologycoltd2546/3455/b8507vs/lighttpd2-3455/src/modules/fastcgi_stream.h (small file (2087 bytes))
2025-12-18 05:08:01,417 - Knowledge - INFO - Worker kw11 processing /app/data/gemtektechnologycoltd2546/3455/b8507vs/lighttpd2-3455/src/main/server.c
2025-12-18 05:08:01,495 - Knowledge - INFO - Worker kw12 processing /app/data/gemtektechnologycoltd2546/3455/b8507vs/lighttpd2-3455/src/main/network_sendfile.c
2025-12-18 05:08:01,594 - Knowledge - INFO - Batch sizing: calculated=6, max_allowed=10, queue=224, active_workers=12/14
2025-12-18 05:08:01,706 - Knowledge - INFO - [kw14] Queue=218, InProgress=0, PendingWorkers=12/14, Completed=0/290 (0.0%)
2025-12-18 05:08:01,790 - Knowledge - INFO - knowledge worker kw15 start
2025-12-18 05:08:01,790 - Knowledge - INFO - Worker kw16 created using shared MongoDB connection pool
2025-12-18 05:08:01,863 - Knowledge - INFO - Fast-tracked /app/data/gemtektechnologycoltd2546/3455/b8507vs/lighttpd2-3455/src/modules/openssl_filter.h (ext=.h, size=998)
2025-12-18 05:08:01,994 - Knowledge - INFO - Worker kw7 processing /app/data/gemtektechnologycoltd2546/3455/b8507vs/lighttpd2-3455/src/common/utils.c
2025-12-18 05:08:02,081 - Knowledge - INFO - Worker kw8 processing /app/data/gemtektechnologycoltd2546/3455/b8507vs/lighttpd2-3455/src/common/angel_data.c
2025-12-18 05:08:02,166 - Knowledge - INFO - Worker kw9 processing /app/data/gemtektechnologycoltd2546/3455/b8507vs/lighttpd2-3455/src/common/buffer.c
2025-12-18 05:08:02,253 - Knowledge - INFO - Worker kw10 processing /app/data/gemtektechnologycoltd2546/3455/b8507vs/lighttpd2-3455/src/main/plugin.c
2025-12-18 05:08:02,414 - Knowledge - INFO - Worker kw11 processing /app/data/gemtektechnologycoltd2546/3455/b8507vs/lighttpd2-3455/src/main/plugin_core.c
2025-12-18 05:08:02,509 - Knowledge - INFO - Worker kw12 processing /app/data/gemtektechnologycoltd2546/3455/b8507vs/lighttpd2-3455/src/main/proxy_protocol.c
2025-12-18 05:08:02,605 - Knowledge - INFO - Worker kw13 processing /app/data/gemtektechnologycoltd2546/3455/b8507vs/lighttpd2-3455/src/main/etag.c
2025-12-18 05:08:02,679 - Knowledge - INFO - Batch sizing: calculated=6, max_allowed=10, queue=218, active_workers=13/15
2025-12-18 05:08:02,758 - Knowledge - INFO - [kw15] Queue=212, InProgress=0, PendingWorkers=13/15, Completed=0/290 (0.0%)
2025-12-18 05:08:02,842 - Knowledge - INFO - knowledge worker kw16 start
2025-12-18 05:08:02,842 - Knowledge - INFO - Worker kw17 created using shared MongoDB connection pool
2025-12-18 05:08:03,246 - Knowledge - INFO - Fast-tracked /app/data/gemtektechnologycoltd2546/3455/b8507vs/lighttpd2-3455/src/common/buffer.c (ext=.c, size=1452)
2025-12-18 05:08:03,338 - Knowledge - INFO - Worker kw10 processing /app/data/gemtektechnologycoltd2546/3455/b8507vs/lighttpd2-3455/src/main/connection_http.c
2025-12-18 05:08:03,441 - Knowledge - INFO - Worker kw11 processing /app/data/gemtektechnologycoltd2546/3455/b8507vs/lighttpd2-3455/src/main/config_lua.c
2025-12-18 05:08:03,532 - Knowledge - INFO - Worker kw12 processing /app/data/gemtektechnologycoltd2546/3455/b8507vs/lighttpd2-3455/src/main/backends.c
2025-12-18 05:08:03,642 - Knowledge - INFO - Worker kw13 processing /app/data/gemtektechnologycoltd2546/3455/b8507vs/lighttpd2-3455/src/main/chunk.c
2025-12-18 05:08:03,758 - Knowledge - INFO - Worker kw14 processing /app/data/gemtektechnologycoltd2546/3455/b8507vs/lighttpd2-3455/src/main/environment.c
2025-12-18 05:08:03,881 - Knowledge - INFO - Batch sizing: calculated=6, max_allowed=10, queue=212, active_workers=14/16
2025-12-18 05:08:03,995 - Knowledge - INFO - [kw16] Queue=206, InProgress=0, PendingWorkers=14/16, Completed=0/290 (0.0%)
2025-12-18 05:08:04,081 - Knowledge - INFO - knowledge worker kw17 start
2025-12-18 05:08:04,082 - Knowledge - INFO - Worker kw18 created using shared MongoDB connection pool
2025-12-18 05:08:04,196 - Knowledge - INFO - Worker kw9 processing /app/data/gemtektechnologycoltd2546/3455/b8507vs/lighttpd2-3455/src/common/module.c
2025-12-18 05:08:04,279 - Knowledge - INFO - Worker kw10 processing /app/data/gemtektechnologycoltd2546/3455/b8507vs/lighttpd2-3455/src/main/response.c
2025-12-18 05:08:04,365 - Knowledge - INFO - Worker kw11 processing /app/data/gemtektechnologycoltd2546/3455/b8507vs/lighttpd2-3455/src/main/angel.c
2025-12-18 05:08:04,459 - Knowledge - INFO - Worker kw12 processing /app/data/gemtektechnologycoltd2546/3455/b8507vs/lighttpd2-3455/src/main/http_headers.c
2025-12-18 05:08:04,538 - Knowledge - INFO - Worker kw13 processing /app/data/gemtektechnologycoltd2546/3455/b8507vs/lighttpd2-3455/src/main/request.c
2025-12-18 05:08:04,635 - Knowledge - INFO - Worker kw14 processing /app/data/gemtektechnologycoltd2546/3455/b8507vs/lighttpd2-3455/src/main/chunk_parser.c
2025-12-18 05:08:04,708 - Knowledge - INFO - Worker kw15 processing /app/data/gemtektechnologycoltd2546/3455/b8507vs/lighttpd2-3455/src/main/virtualrequest.c
2025-12-18 05:08:04,791 - Knowledge - INFO - Batch sizing: calculated=6, max_allowed=10, queue=206, active_workers=15/17
2025-12-18 05:08:04,900 - Knowledge - INFO - [kw17] Queue=200, InProgress=0, PendingWorkers=15/17, Completed=0/290 (0.0%)
2025-12-18 05:08:04,987 - Knowledge - INFO - knowledge worker kw18 start
2025-12-18 05:08:04,988 - Knowledge - INFO - Worker kw19 created using shared MongoDB connection pool
2025-12-18 05:08:05,259 - Knowledge - INFO - Worker kw11 processing /app/data/gemtektechnologycoltd2546/3455/b8507vs/lighttpd2-3455/src/main/condition.c
2025-12-18 05:08:05,357 - Knowledge - INFO - Worker kw12 processing /app/data/gemtektechnologycoltd2546/3455/b8507vs/lighttpd2-3455/src/main/actions.c
2025-12-18 05:08:05,441 - Knowledge - INFO - Worker kw13 processing /app/data/gemtektechnologycoltd2546/3455/b8507vs/lighttpd2-3455/src/main/stream_http_response.c
2025-12-18 05:08:05,519 - Knowledge - INFO - Worker kw14 processing /app/data/gemtektechnologycoltd2546/3455/b8507vs/lighttpd2-3455/src/main/stat_lua.c
2025-12-18 05:08:05,591 - Knowledge - INFO - Worker kw15 processing /app/data/gemtektechnologycoltd2546/3455/b8507vs/lighttpd2-3455/src/main/response_lua.c
2025-12-18 05:08:05,698 - Knowledge - INFO - Worker kw16 processing /app/data/gemtektechnologycoltd2546/3455/b8507vs/lighttpd2-3455/src/main/http_headers_lua.c
2025-12-18 05:08:05,797 - Knowledge - INFO - Batch sizing: calculated=5, max_allowed=10, queue=200, active_workers=16/18
2025-12-18 05:08:05,879 - Knowledge - INFO - [kw18] Queue=194, InProgress=0, PendingWorkers=16/18, Completed=0/290 (0.0%)
2025-12-18 05:08:05,967 - Knowledge - INFO - knowledge worker kw19 start
2025-12-18 05:08:05,967 - Knowledge - INFO - Worker kw20 created using shared MongoDB connection pool
2025-12-18 05:08:06,167 - Knowledge - INFO - Worker kw12 processing /app/data/gemtektechnologycoltd2546/3455/b8507vs/lighttpd2-3455/src/main/virtualrequest_lua.c
2025-12-18 05:08:06,245 - Knowledge - INFO - Worker kw13 processing /app/data/gemtektechnologycoltd2546/3455/b8507vs/lighttpd2-3455/src/main/lighttpd_worker.c
2025-12-18 05:08:06,323 - Knowledge - INFO - Worker kw14 processing /app/data/gemtektechnologycoltd2546/3455/b8507vs/lighttpd2-3455/src/main/value.c
2025-12-18 05:08:06,427 - Knowledge - INFO - Worker kw15 processing /app/data/gemtektechnologycoltd2546/3455/b8507vs/lighttpd2-3455/src/main/connection.c
2025-12-18 05:08:06,532 - Knowledge - INFO - Worker kw16 processing /app/data/gemtektechnologycoltd2546/3455/b8507vs/lighttpd2-3455/src/main/options.c
2025-12-18 05:08:06,620 - Knowledge - INFO - Worker kw17 processing /app/data/gemtektechnologycoltd2546/3455/b8507vs/lighttpd2-3455/src/main/actions_lua.c
2025-12-18 05:08:06,705 - Knowledge - INFO - Batch sizing: calculated=5, max_allowed=10, queue=194, active_workers=17/19
2025-12-18 05:08:06,781 - Knowledge - INFO - [kw19] Queue=189, InProgress=0, PendingWorkers=17/19, Completed=0/290 (0.0%)
2025-12-18 05:08:06,855 - Knowledge - INFO - knowledge worker kw20 start
2025-12-18 05:08:07,038 - Knowledge - INFO - Worker kw13 processing /app/data/gemtektechnologycoltd2546/3455/b8507vs/lighttpd2-3455/src/main/filter_buffer_on_disk.c
2025-12-18 05:08:07,129 - Knowledge - INFO - Worker kw14 processing /app/data/gemtektechnologycoltd2546/3455/b8507vs/lighttpd2-3455/src/main/stream_simple_socket.c
2025-12-18 05:08:07,203 - Knowledge - INFO - Worker kw15 processing /app/data/gemtektechnologycoltd2546/3455/b8507vs/lighttpd2-3455/src/main/condition_lua.c
2025-12-18 05:08:07,299 - Knowledge - INFO - Fast-tracked /app/data/gemtektechnologycoltd2546/3455/b8507vs/lighttpd2-3455/src/main/options.c (ext=.c, size=29)
2025-12-18 05:08:07,374 - Knowledge - INFO - Worker kw17 processing /app/data/gemtektechnologycoltd2546/3455/b8507vs/lighttpd2-3455/src/main/network_writev.c
2025-12-18 05:08:07,462 - Knowledge - INFO - Worker kw18 processing /app/data/gemtektechnologycoltd2546/3455/b8507vs/lighttpd2-3455/src/main/core_lua.c
2025-12-18 05:08:07,561 - Knowledge - INFO - Batch sizing: calculated=5, max_allowed=10, queue=189, active_workers=18/20
2025-12-18 05:08:07,644 - Knowledge - INFO - [kw20] Queue=184, InProgress=0, PendingWorkers=18/20, Completed=0/290 (0.0%)
2025-12-18 05:08:07,811 - Knowledge - INFO - Worker kw14 processing /app/data/gemtektechnologycoltd2546/3455/b8507vs/lighttpd2-3455/src/main/angel_fake.c
2025-12-18 05:08:07,895 - Knowledge - INFO - Worker kw15 processing /app/data/gemtektechnologycoltd2546/3455/b8507vs/lighttpd2-3455/src/main/subrequest_lua.c
2025-12-18 05:08:08,031 - Knowledge - INFO - Worker kw16 processing /app/data/gemtektechnologycoltd2546/3455/b8507vs/lighttpd2-3455/src/main/lighttpd_glue.c
2025-12-18 05:08:08,170 - Knowledge - INFO - Worker kw17 processing /app/data/gemtektechnologycoltd2546/3455/b8507vs/lighttpd2-3455/src/main/chunk_lua.c
2025-12-18 05:08:08,250 - Knowledge - INFO - Worker kw18 processing /app/data/gemtektechnologycoltd2546/3455/b8507vs/lighttpd2-3455/src/main/mimetype.c
2025-12-18 05:08:08,331 - Knowledge - INFO - Worker kw19 processing /app/data/gemtektechnologycoltd2546/3455/b8507vs/lighttpd2-3455/src/main/filter.c
2025-12-18 05:08:08,460 - Knowledge - INFO - Batch sizing: calculated=5, max_allowed=10, queue=184, active_workers=19/20
2025-12-18 05:08:08,623 - Knowledge - INFO - Worker kw15 processing /app/data/gemtektechnologycoltd2546/3455/b8507vs/lighttpd2-3455/src/main/network_write.c
2025-12-18 05:08:08,729 - Knowledge - INFO - Worker kw16 processing /app/data/gemtektechnologycoltd2546/3455/b8507vs/lighttpd2-3455/src/main/base_lua.c
2025-12-18 05:08:08,832 - Knowledge - INFO - Worker kw17 processing /app/data/gemtektechnologycoltd2546/3455/b8507vs/lighttpd2-3455/src/main/request_lua.c
2025-12-18 05:08:08,917 - Knowledge - INFO - Worker kw18 processing /app/data/gemtektechnologycoltd2546/3455/b8507vs/lighttpd2-3455/src/main/network.c
2025-12-18 05:08:09,018 - Knowledge - INFO - Worker kw19 processing /app/data/gemtektechnologycoltd2546/3455/b8507vs/lighttpd2-3455/src/main/environment_lua.c
2025-12-18 05:08:09,098 - Knowledge - INFO - Worker kw20 processing /app/data/gemtektechnologycoltd2546/3455/b8507vs/lighttpd2-3455/src/main/physical_lua.c
2025-12-18 05:08:09,177 - Knowledge - INFO - Fast-tracked /app/data/gemtektechnologycoltd2546/3455/b8507vs/lighttpd2-3455/src/main/network_write.c (ext=.c, size=1448)
2025-12-18 05:08:09,304 - Knowledge - INFO - Fast-tracked /app/data/gemtektechnologycoltd2546/3455/b8507vs/lighttpd2-3455/src/main/base_lua.c (ext=.c, size=781)
2025-12-18 05:08:09,415 - Knowledge - INFO - Worker kw17 processing /app/data/gemtektechnologycoltd2546/3455/b8507vs/lighttpd2-3455/src/main/worker.c
2025-12-18 05:08:09,500 - Knowledge - INFO - Worker kw18 processing /app/data/gemtektechnologycoltd2546/3455/b8507vs/lighttpd2-3455/src/main/filters_lua.c
2025-12-18 05:08:09,574 - Knowledge - INFO - Worker kw19 processing /app/data/gemtektechnologycoltd2546/3455/b8507vs/lighttpd2-3455/src/main/connection_tcp.c
2025-12-18 05:08:09,658 - Knowledge - INFO - Worker kw20 processing /app/data/gemtektechnologycoltd2546/3455/b8507vs/lighttpd2-3455/src/main/pattern.c
2025-12-18 05:08:09,847 - Knowledge - INFO - Worker kw16 processing /app/data/gemtektechnologycoltd2546/3455/b8507vs/lighttpd2-3455/src/main/stream.c
2025-12-18 05:08:10,063 - Knowledge - INFO - Worker kw18 processing /app/data/gemtektechnologycoltd2546/3455/b8507vs/lighttpd2-3455/src/main/throttle.c
2025-12-18 05:08:10,151 - Knowledge - INFO - Fast-tracked /app/data/gemtektechnologycoltd2546/3455/b8507vs/lighttpd2-3455/src/main/connection_tcp.c (ext=.c, size=1887)
2025-12-18 05:08:10,256 - Knowledge - INFO - Worker kw20 processing /app/data/gemtektechnologycoltd2546/3455/b8507vs/lighttpd2-3455/src/unittests/test-radix.c
2025-12-18 05:08:10,329 - Knowledge - INFO - Worker kw16 processing /app/data/gemtektechnologycoltd2546/3455/b8507vs/lighttpd2-3455/src/main/log.c
2025-12-18 05:08:10,525 - Knowledge - INFO - Worker kw19 processing /app/data/gemtektechnologycoltd2546/3455/b8507vs/lighttpd2-3455/src/main/collect.c
2025-12-18 05:08:10,613 - Knowledge - INFO - Worker kw20 processing /app/data/gemtektechnologycoltd2546/3455/b8507vs/lighttpd2-3455/src/unittests/test-http-request-parser.c
2025-12-18 05:08:10,790 - Knowledge - INFO - Worker kw19 processing /app/data/gemtektechnologycoltd2546/3455/b8507vs/lighttpd2-3455/src/main/value_lua.c
2025-12-18 05:08:10,908 - Knowledge - INFO - Fast-tracked /app/data/gemtektechnologycoltd2546/3455/b8507vs/lighttpd2-3455/src/unittests/test-http-request-parser.c (ext=.c, size=1781)
2025-12-18 05:08:11,115 - Knowledge - INFO - Worker kw20 processing /app/data/gemtektechnologycoltd2546/3455/b8507vs/lighttpd2-3455/src/unittests/test-ip-parser.c
2025-12-18 05:08:11,638 - Knowledge - INFO - Fast-tracked /app/data/gemtektechnologycoltd2546/3455/b8507vs/lighttpd2-3455/src/common/sys_memory.c (small file (2347 bytes))
2025-12-18 05:08:24,151 - Knowledge - INFO - Fast-tracked /app/data/gemtektechnologycoltd2546/3455/b8507vs/lighttpd2-3455/src/main/chunk_parser.c (small file (3025 bytes))
2025-12-18 05:08:31,085 - Knowledge - INFO - Split /app/data/gemtektechnologycoltd2546/3455/b8507vs/lighttpd2-3455/src/main/plugin_core.c (74450 bytes) into 3 chunks of ~32KB
2025-12-18 05:08:40,914 - Knowledge - INFO - Fast-tracked /app/data/gemtektechnologycoltd2546/3455/b8507vs/lighttpd2-3455/src/main/value.c (small file (2680 bytes))
2025-12-18 05:08:44,481 - Knowledge - INFO - Fast-tracked /app/data/gemtektechnologycoltd2546/3455/b8507vs/lighttpd2-3455/src/unittests/test-radix.c (small file (2135 bytes))
2025-12-18 05:08:44,659 - Knowledge - INFO - Fast-tracked /app/data/gemtektechnologycoltd2546/3455/b8507vs/lighttpd2-3455/src/unittests/test-ip-parser.c (small file (2366 bytes))
2025-12-18 05:08:51,721 - Knowledge - INFO - [LLM_CALL] Completed: physical_lua.c:chunk1, Duration: 40436ms, PromptTokens: 3196, CompletionTokens: 579, Cost: $0.00055
2025-12-18 05:08:51,905 - Knowledge - INFO - done ingest for /app/data/gemtektechnologycoltd2546/3455/b8507vs/lighttpd2-3455/src/main/physical_lua.c
2025-12-18 05:08:52,957 - Knowledge - INFO - [LLM_CALL] Completed: pattern.c:chunk1, Duration: 25093ms, PromptTokens: 6724, CompletionTokens: 654, Cost: $0.00093
2025-12-18 05:08:53,136 - Knowledge - INFO - done ingest for /app/data/gemtektechnologycoltd2546/3455/b8507vs/lighttpd2-3455/src/main/pattern.c
2025-12-18 05:08:53,349 - Knowledge - INFO - Processing batch of 5 files
2025-12-18 05:08:53,529 - Knowledge - INFO - process ingested knowledge for /app/data/gemtektechnologycoltd2546/3455/b8507vs/lighttpd2-3455/src/main/physical_lua.c
2025-12-18 05:08:53,717 - Knowledge - INFO - process ingested knowledge for /app/data/gemtektechnologycoltd2546/3455/b8507vs/lighttpd2-3455/src/main/pattern.c
2025-12-18 05:08:53,908 - Knowledge - INFO - process ingested knowledge for /app/data/gemtektechnologycoltd2546/3455/b8507vs/lighttpd2-3455/src/unittests/test-radix.c
2025-12-18 05:08:54,079 - Knowledge - INFO - process ingested knowledge for /app/data/gemtektechnologycoltd2546/3455/b8507vs/lighttpd2-3455/src/unittests/test-http-request-parser.c
2025-12-18 05:08:54,236 - Knowledge - INFO - process ingested knowledge for /app/data/gemtektechnologycoltd2546/3455/b8507vs/lighttpd2-3455/src/unittests/test-ip-parser.c
2025-12-18 05:08:55,219 - Knowledge - INFO - [WEBSOCKET] Sent: Type=progress_update, Size: 289, Duration: 0ms
2025-12-18 05:08:55,424 - Knowledge - INFO - [WEBSOCKET] Sent: Type=unknown, Size: ?, Duration: 205ms
2025-12-18 05:08:55,646 - Knowledge - INFO - Progress: 1.7% | Files: 5/290 | Rate: 0.07 files/sec | Queue: 174
2025-12-18 05:08:55,838 - Knowledge - INFO - [kw20] Queue=174, InProgress=0, PendingWorkers=20/20, Completed=5/290 (1.7%)
2025-12-18 05:08:56,041 - Knowledge - INFO - Batch sizing: calculated=5, max_allowed=10, queue=174, active_workers=20/20
2025-12-18 05:08:56,233 - Knowledge - INFO - Async storing batch of 5 embeddings
2025-12-18 05:08:56,576 - Knowledge - INFO - Worker kw20 processing /app/data/gemtektechnologycoltd2546/3455/b8507vs/lighttpd2-3455/src/unittests/test-range-parser.c
2025-12-18 05:08:56,799 - Knowledge - INFO - Worker kw20 processing /app/data/gemtektechnologycoltd2546/3455/b8507vs/lighttpd2-3455/src/unittests/test-chunk.c
2025-12-18 05:08:56,994 - Knowledge - INFO - Fast-tracked /app/data/gemtektechnologycoltd2546/3455/b8507vs/lighttpd2-3455/src/unittests/test-chunk.c (ext=.c, size=1524)
2025-12-18 05:08:57,172 - Knowledge - INFO - Worker kw20 processing /app/data/gemtektechnologycoltd2546/3455/b8507vs/lighttpd2-3455/src/unittests/test-utils.c
2025-12-18 05:08:57,369 - Knowledge - INFO - Worker kw20 processing /app/data/gemtektechnologycoltd2546/3455/b8507vs/lighttpd2-3455/src/angel/angel_value.c
2025-12-18 05:08:57,600 - Knowledge - INFO - Fast-tracked /app/data/gemtektechnologycoltd2546/3455/b8507vs/lighttpd2-3455/src/angel/angel_value.c (ext=.c, size=493)
2025-12-18 05:08:57,810 - Knowledge - INFO - Worker kw20 processing /app/data/gemtektechnologycoltd2546/3455/b8507vs/lighttpd2-3455/src/angel/angel_main.c
2025-12-18 05:09:01,909 - Knowledge - INFO - [LLM_CALL] Completed: mod_flv.c:chunk1, Duration: 64886ms, PromptTokens: 3030, CompletionTokens: 497, Cost: $0.00050
2025-12-18 05:09:02,113 - Knowledge - INFO - done ingest for /app/data/gemtektechnologycoltd2546/3455/b8507vs/lighttpd2-3455/src/modules/mod_flv.c
2025-12-18 05:09:03,412 - Knowledge - INFO - [LLM_CALL] Completed: mod_vhost.c:chunk1, Duration: 37318ms, PromptTokens: 5904, CompletionTokens: 789, Cost: $0.00091
2025-12-18 05:09:03,613 - Knowledge - INFO - done ingest for /app/data/gemtektechnologycoltd2546/3455/b8507vs/lighttpd2-3455/src/modules/mod_vhost.c
2025-12-18 05:09:04,684 - Knowledge - INFO - [LLM_CALL] Completed: mod_accesslog.c:chunk1, Duration: 62530ms, PromptTokens: 9532, CompletionTokens: 823, Cost: $0.00128
2025-12-18 05:09:04,868 - Knowledge - INFO - done ingest for /app/data/gemtektechnologycoltd2546/3455/b8507vs/lighttpd2-3455/src/modules/mod_accesslog.c
2025-12-18 05:09:21,873 - Knowledge - INFO - [LLM_CALL] Completed: encoding.c:chunk1, Duration: 70058ms, PromptTokens: 8070, CompletionTokens: 269, Cost: $0.00091
2025-12-18 05:09:22,114 - Knowledge - INFO - done ingest for /app/data/gemtektechnologycoltd2546/3455/b8507vs/lighttpd2-3455/src/common/encoding.c
2025-12-18 05:09:25,858 - Knowledge - WARNING - Timeout processing /app/data/gemtektechnologycoltd2546/3455/b8507vs/lighttpd2-3455/src/modules/ssl-session-db.h after 90s - using fallback metadata
2025-12-18 05:09:26,070 - Knowledge - WARNING - Timeout processing /app/data/gemtektechnologycoltd2546/3455/b8507vs/lighttpd2-3455/src/modules/mod_redirect.c after 90s - using fallback metadata
2025-12-18 05:09:26,318 - Knowledge - WARNING - Timeout processing /app/data/gemtektechnologycoltd2546/3455/b8507vs/lighttpd2-3455/src/modules/mod_auth.c after 90s - using fallback metadata
2025-12-18 05:09:26,593 - Knowledge - WARNING - Timeout processing /app/data/gemtektechnologycoltd2546/3455/b8507vs/lighttpd2-3455/src/modules/mod_access.c after 90s - using fallback metadata
2025-12-18 05:09:26,917 - Knowledge - WARNING - Timeout processing /app/data/gemtektechnologycoltd2546/3455/b8507vs/lighttpd2-3455/src/modules/mod_rewrite.c after 90s - using fallback metadata
2025-12-18 05:09:27,278 - Knowledge - WARNING - Timeout processing /app/data/gemtektechnologycoltd2546/3455/b8507vs/lighttpd2-3455/src/modules/mod_lua.c after 90s - using fallback metadata
2025-12-18 05:09:28,853 - Knowledge - INFO - Processing batch of 6 files
2025-12-18 05:09:29,227 - Knowledge - INFO - process ingested knowledge for /app/data/gemtektechnologycoltd2546/3455/b8507vs/lighttpd2-3455/src/modules/ssl-session-db.h
2025-12-18 05:09:29,490 - Knowledge - INFO - process ingested knowledge for /app/data/gemtektechnologycoltd2546/3455/b8507vs/lighttpd2-3455/src/modules/mod_redirect.c
2025-12-18 05:09:29,835 - Knowledge - INFO - process ingested knowledge for /app/data/gemtektechnologycoltd2546/3455/b8507vs/lighttpd2-3455/src/modules/mod_auth.c
2025-12-18 05:09:30,106 - Knowledge - INFO - process ingested knowledge for /app/data/gemtektechnologycoltd2546/3455/b8507vs/lighttpd2-3455/src/modules/mod_access.c
2025-12-18 05:09:30,325 - Knowledge - INFO - process ingested knowledge for /app/data/gemtektechnologycoltd2546/3455/b8507vs/lighttpd2-3455/src/modules/mod_rewrite.c
2025-12-18 05:09:30,545 - Knowledge - INFO - process ingested knowledge for /app/data/gemtektechnologycoltd2546/3455/b8507vs/lighttpd2-3455/src/modules/mod_lua.c
2025-12-18 05:09:30,802 - Knowledge - INFO - Fast-tracked /app/data/gemtektechnologycoltd2546/3455/b8507vs/lighttpd2-3455/src/main/connection_http.c (small file (2842 bytes))
2025-12-18 05:09:32,808 - Knowledge - WARNING - Timeout processing /app/data/gemtektechnologycoltd2546/3455/b8507vs/lighttpd2-3455/src/modules/mod_progress.c after 90s - using fallback metadata
2025-12-18 05:09:33,234 - Knowledge - WARNING - Timeout processing /app/data/gemtektechnologycoltd2546/3455/b8507vs/lighttpd2-3455/src/modules/fastcgi_stream.c after 90s - using fallback metadata
2025-12-18 05:09:33,659 - Knowledge - WARNING - Timeout processing /app/data/gemtektechnologycoltd2546/3455/b8507vs/lighttpd2-3455/src/modules/mod_expire.c after 90s - using fallback metadata
2025-12-18 05:09:33,861 - Knowledge - WARNING - Timeout processing /app/data/gemtektechnologycoltd2546/3455/b8507vs/lighttpd2-3455/src/modules/mod_gnutls.c after 90s - using fallback metadata
2025-12-18 05:09:34,175 - Knowledge - WARNING - Timeout processing /app/data/gemtektechnologycoltd2546/3455/b8507vs/lighttpd2-3455/src/modules/mod_fortune.c after 90s - using fallback metadata
2025-12-18 05:09:34,378 - Knowledge - INFO - [WEBSOCKET] Sent: Type=progress_update, Size: 290, Duration: 0ms
2025-12-18 05:09:34,471 - Knowledge - WARNING - Timeout processing /app/data/gemtektechnologycoltd2546/3455/b8507vs/lighttpd2-3455/src/modules/gnutls_filter.c after 90s - using fallback metadata
2025-12-18 05:09:34,624 - Knowledge - INFO - [WEBSOCKET] Sent: Type=unknown, Size: ?, Duration: 246ms
2025-12-18 05:09:34,849 - Knowledge - WARNING - Timeout processing /app/data/gemtektechnologycoltd2546/3455/b8507vs/lighttpd2-3455/src/main/environment.c after 90s - using fallback metadata
2025-12-18 05:09:34,855 - Knowledge - INFO - Progress: 3.8% | Files: 12/290 | Rate: 0.11 files/sec | Queue: 169
2025-12-18 05:09:35,310 - Knowledge - INFO - [kw2] Queue=169, InProgress=0, PendingWorkers=20/20, Completed=15/290 (5.2%)
2025-12-18 05:09:35,548 - Knowledge - INFO - Batch sizing: calculated=5, max_allowed=10, queue=169, active_workers=20/20
2025-12-18 05:09:35,631 - Knowledge - INFO - Processing batch of 6 files
2025-12-18 05:09:35,744 - Knowledge - INFO - Async storing batch of 6 embeddings
2025-12-18 05:09:35,864 - Knowledge - INFO - process ingested knowledge for /app/data/gemtektechnologycoltd2546/3455/b8507vs/lighttpd2-3455/src/modules/mod_progress.c
2025-12-18 05:09:36,008 - Knowledge - INFO - Worker kw2 processing /app/data/gemtektechnologycoltd2546/3455/b8507vs/lighttpd2-3455/src/angel/angel_plugin.c
2025-12-18 05:09:36,117 - Knowledge - INFO - process ingested knowledge for /app/data/gemtektechnologycoltd2546/3455/b8507vs/lighttpd2-3455/src/modules/fastcgi_stream.c
2025-12-18 05:09:36,324 - Knowledge - INFO - Worker kw2 processing /app/data/gemtektechnologycoltd2546/3455/b8507vs/lighttpd2-3455/src/angel/angel_plugin_core.c
2025-12-18 05:09:36,435 - Knowledge - INFO - process ingested knowledge for /app/data/gemtektechnologycoltd2546/3455/b8507vs/lighttpd2-3455/src/modules/mod_expire.c
2025-12-18 05:09:36,600 - Knowledge - INFO - Worker kw2 processing /app/data/gemtektechnologycoltd2546/3455/b8507vs/lighttpd2-3455/src/angel/angel_server.c
2025-12-18 05:09:36,815 - Knowledge - INFO - process ingested knowledge for /app/data/gemtektechnologycoltd2546/3455/b8507vs/lighttpd2-3455/src/modules/mod_gnutls.c
2025-12-18 05:09:36,999 - Knowledge - INFO - Worker kw2 processing /app/data/gemtektechnologycoltd2546/3455/b8507vs/lighttpd2-3455/src/angel/angel_log.c
2025-12-18 05:09:37,138 - Knowledge - INFO - process ingested knowledge for /app/data/gemtektechnologycoltd2546/3455/b8507vs/lighttpd2-3455/src/modules/mod_fortune.c
2025-12-18 05:09:37,288 - Knowledge - INFO - Worker kw2 processing /app/data/gemtektechnologycoltd2546/3455/b8507vs/lighttpd2-3455/src/angel/angel_proc.c
2025-12-18 05:09:37,446 - Knowledge - INFO - process ingested knowledge for /app/data/gemtektechnologycoltd2546/3455/b8507vs/lighttpd2-3455/src/modules/gnutls_filter.c
2025-12-18 05:09:38,086 - Knowledge - WARNING - Timeout processing /app/data/gemtektechnologycoltd2546/3455/b8507vs/lighttpd2-3455/src/main/http_headers_lua.c after 90s - using fallback metadata
2025-12-18 05:09:38,992 - Knowledge - WARNING - Timeout processing /app/data/gemtektechnologycoltd2546/3455/b8507vs/lighttpd2-3455/src/main/lighttpd_glue.c after 90s - using fallback metadata
2025-12-18 05:09:39,535 - Knowledge - WARNING - Timeout processing /app/data/gemtektechnologycoltd2546/3455/b8507vs/lighttpd2-3455/src/common/radix.c after 90s - using fallback metadata
2025-12-18 05:09:39,850 - Knowledge - WARNING - Timeout processing /app/data/gemtektechnologycoltd2546/3455/b8507vs/lighttpd2-3455/src/common/tasklet.c after 90s - using fallback metadata
2025-12-18 05:09:40,037 - Knowledge - WARNING - Timeout processing /app/data/gemtektechnologycoltd2546/3455/b8507vs/lighttpd2-3455/src/common/fetch.c after 90s - using fallback metadata
2025-12-18 05:09:40,182 - Knowledge - INFO - [LLM_CALL] Completed: mod_proxy.c:chunk1, Duration: 97853ms, PromptTokens: 5918, CompletionTokens: 932, Cost: $0.00096
2025-12-18 05:09:40,299 - Knowledge - WARNING - Timeout processing /app/data/gemtektechnologycoltd2546/3455/b8507vs/lighttpd2-3455/src/common/waitqueue.c after 90s - using fallback metadata
2025-12-18 05:09:40,408 - Knowledge - INFO - done ingest for /app/data/gemtektechnologycoltd2546/3455/b8507vs/lighttpd2-3455/src/modules/mod_proxy.c
2025-12-18 05:09:40,427 - Knowledge - INFO - [LLM_CALL] Completed: profiler.c:chunk1, Duration: 71925ms, PromptTokens: 6402, CompletionTokens: 932, Cost: $0.00101
2025-12-18 05:09:40,529 - Knowledge - WARNING - Timeout processing /app/data/gemtektechnologycoltd2546/3455/b8507vs/lighttpd2-3455/src/common/module.c after 90s - using fallback metadata
2025-12-18 05:09:41,307 - Knowledge - INFO - done ingest for /app/data/gemtektechnologycoltd2546/3455/b8507vs/lighttpd2-3455/src/common/profiler.c
2025-12-18 05:09:41,754 - Knowledge - INFO - [WEBSOCKET] Sent: Type=progress_update, Size: 291, Duration: 0ms
2025-12-18 05:09:42,179 - Knowledge - INFO - [WEBSOCKET] Sent: Type=unknown, Size: ?, Duration: 425ms
2025-12-18 05:09:42,661 - Knowledge - INFO - Progress: 6.2% | Files: 19/290 | Rate: 0.16 files/sec | Queue: 164
2025-12-18 05:09:43,241 - Knowledge - WARNING - Timeout processing /app/data/gemtektechnologycoltd2546/3455/b8507vs/lighttpd2-3455/src/common/angel_data.c after 90s - using fallback metadata
2025-12-18 05:09:43,369 - Knowledge - INFO - [kw5] Queue=164, InProgress=0, PendingWorkers=20/20, Completed=21/290 (7.2%)
2025-12-18 05:09:43,523 - Knowledge - WARNING - Timeout processing /app/data/gemtektechnologycoltd2546/3455/b8507vs/lighttpd2-3455/src/modules/mod_throttle.c after 90s - using fallback metadata
2025-12-18 05:09:43,671 - Knowledge - WARNING - Timeout processing /app/data/gemtektechnologycoltd2546/3455/b8507vs/lighttpd2-3455/src/common/mempool.c after 90s - using fallback metadata
2025-12-18 05:09:43,886 - Knowledge - INFO - Batch sizing: calculated=5, max_allowed=10, queue=164, active_workers=20/20
2025-12-18 05:09:44,078 - Knowledge - INFO - Processing batch of 6 files
2025-12-18 05:09:44,148 - Knowledge - INFO - Fast-tracked /app/data/gemtektechnologycoltd2546/3455/b8507vs/lighttpd2-3455/src/angel/angel_main.c (small file (2762 bytes))
2025-12-18 05:09:44,186 - Knowledge - WARNING - Timeout processing /app/data/gemtektechnologycoltd2546/3455/b8507vs/lighttpd2-3455/src/modules/mod_userdir.c after 90s - using fallback metadata
2025-12-18 05:09:44,409 - Knowledge - WARNING - Timeout processing /app/data/gemtektechnologycoltd2546/3455/b8507vs/lighttpd2-3455/src/common/idlist.c after 90s - using fallback metadata
2025-12-18 05:09:44,677 - Knowledge - INFO - Async storing batch of 6 embeddings
2025-12-18 05:09:44,716 - Knowledge - INFO - process ingested knowledge for /app/data/gemtektechnologycoltd2546/3455/b8507vs/lighttpd2-3455/src/common/radix.c
2025-12-18 05:09:44,915 - Knowledge - INFO - Async storage completed for 5 embeddings
2025-12-18 05:09:45,126 - Knowledge - WARNING - Timeout processing /app/data/gemtektechnologycoltd2546/3455/b8507vs/lighttpd2-3455/src/modules/mod_cache_disk_etag.c after 90s - using fallback metadata
2025-12-18 05:09:45,388 - Knowledge - WARNING - Timeout processing /app/data/gemtektechnologycoltd2546/3455/b8507vs/lighttpd2-3455/src/main/virtualrequest.c after 90s - using fallback metadata
2025-12-18 05:09:45,490 - Knowledge - WARNING - Timeout processing /app/data/gemtektechnologycoltd2546/3455/b8507vs/lighttpd2-3455/src/common/events.c after 90s - using fallback metadata
2025-12-18 05:09:45,683 - Knowledge - INFO - Worker kw5 processing /app/data/gemtektechnologycoltd2546/3455/b8507vs/lighttpd2-3455/include/lighttpd/angel_proc.h
2025-12-18 05:09:45,935 - Knowledge - INFO - process ingested knowledge for /app/data/gemtektechnologycoltd2546/3455/b8507vs/lighttpd2-3455/src/common/tasklet.c
2025-12-18 05:09:46,397 - Knowledge - WARNING - Timeout processing /app/data/gemtektechnologycoltd2546/3455/b8507vs/lighttpd2-3455/src/modules/mod_fastcgi.c after 90s - using fallback metadata
2025-12-18 05:09:46,645 - Knowledge - WARNING - Timeout processing /app/data/gemtektechnologycoltd2546/3455/b8507vs/lighttpd2-3455/src/main/response_lua.c after 90s - using fallback metadata
2025-12-18 05:09:46,757 - Knowledge - WARNING - Timeout processing /app/data/gemtektechnologycoltd2546/3455/b8507vs/lighttpd2-3455/src/common/value.c after 90s - using fallback metadata
2025-12-18 05:09:46,862 - Knowledge - WARNING - Timeout processing /app/data/gemtektechnologycoltd2546/3455/b8507vs/lighttpd2-3455/src/common/angel_connection.c after 90s - using fallback metadata
2025-12-18 05:09:46,988 - Knowledge - INFO - [LLM_CALL] Completed: mod_limit.c:chunk1, Duration: 64026ms, PromptTokens: 8396, CompletionTokens: 1459, Cost: $0.00142
2025-12-18 05:09:46,995 - Knowledge - INFO - Fast-tracked /app/data/gemtektechnologycoltd2546/3455/b8507vs/lighttpd2-3455/include/lighttpd/angel_proc.h (ext=.h, size=1203)
2025-12-18 05:09:47,159 - Knowledge - INFO - process ingested knowledge for /app/data/gemtektechnologycoltd2546/3455/b8507vs/lighttpd2-3455/src/common/fetch.c
2025-12-18 05:09:47,351 - Knowledge - WARNING - Timeout processing /app/data/gemtektechnologycoltd2546/3455/b8507vs/lighttpd2-3455/src/modules/ssl_client_hello_parser.h after 90s - using fallback metadata
2025-12-18 05:09:47,512 - Knowledge - WARNING - Timeout processing /app/data/gemtektechnologycoltd2546/3455/b8507vs/lighttpd2-3455/src/main/connection.c after 90s - using fallback metadata
2025-12-18 05:09:47,685 - Knowledge - WARNING - Timeout processing /app/data/gemtektechnologycoltd2546/3455/b8507vs/lighttpd2-3455/src/common/jobqueue.c after 90s - using fallback metadata
2025-12-18 05:09:47,783 - Knowledge - WARNING - Timeout processing /app/data/gemtektechnologycoltd2546/3455/b8507vs/lighttpd2-3455/src/common/value_impl.c after 90s - using fallback metadata
2025-12-18 05:09:47,955 - Knowledge - WARNING - Timeout processing /app/data/gemtektechnologycoltd2546/3455/b8507vs/lighttpd2-3455/src/main/etag.c after 90s - using fallback metadata
2025-12-18 05:09:48,016 - Knowledge - INFO - done ingest for /app/data/gemtektechnologycoltd2546/3455/b8507vs/lighttpd2-3455/src/modules/mod_limit.c
2025-12-18 05:09:48,200 - Knowledge - INFO - Worker kw5 processing /app/data/gemtektechnologycoltd2546/3455/b8507vs/lighttpd2-3455/include/lighttpd/waitqueue.h
2025-12-18 05:09:48,420 - Knowledge - INFO - process ingested knowledge for /app/data/gemtektechnologycoltd2546/3455/b8507vs/lighttpd2-3455/src/common/waitqueue.c
2025-12-18 05:09:48,659 - Knowledge - WARNING - Timeout processing /app/data/gemtektechnologycoltd2546/3455/b8507vs/lighttpd2-3455/src/modules/mod_deflate.c after 90s - using fallback metadata
2025-12-18 05:09:48,857 - Knowledge - WARNING - Timeout processing /app/data/gemtektechnologycoltd2546/3455/b8507vs/lighttpd2-3455/src/main/condition_lua.c after 90s - using fallback metadata
2025-12-18 05:09:49,238 - Knowledge - WARNING - Timeout processing /app/data/gemtektechnologycoltd2546/3455/b8507vs/lighttpd2-3455/src/main/stat_cache.c after 90s - using fallback metadata
2025-12-18 05:09:49,446 - Knowledge - WARNING - Timeout processing /app/data/gemtektechnologycoltd2546/3455/b8507vs/lighttpd2-3455/src/main/chunk.c after 90s - using fallback metadata
2025-12-18 05:09:49,823 - Knowledge - INFO - Worker kw5 processing /app/data/gemtektechnologycoltd2546/3455/b8507vs/lighttpd2-3455/include/lighttpd/buffer.h
2025-12-18 05:09:49,995 - Knowledge - INFO - process ingested knowledge for /app/data/gemtektechnologycoltd2546/3455/b8507vs/lighttpd2-3455/src/common/buffer.c
2025-12-18 05:09:50,412 - Knowledge - WARNING - Timeout processing /app/data/gemtektechnologycoltd2546/3455/b8507vs/lighttpd2-3455/src/main/subrequest_lua.c after 90s - using fallback metadata
2025-12-18 05:09:50,592 - Knowledge - WARNING - Timeout processing /app/data/gemtektechnologycoltd2546/3455/b8507vs/lighttpd2-3455/src/main/plugin.c after 90s - using fallback metadata
2025-12-18 05:09:50,753 - Knowledge - WARNING - Timeout processing /app/data/gemtektechnologycoltd2546/3455/b8507vs/lighttpd2-3455/src/main/request.c after 90s - using fallback metadata
2025-12-18 05:09:50,930 - Knowledge - WARNING - Timeout processing /app/data/gemtektechnologycoltd2546/3455/b8507vs/lighttpd2-3455/src/main/core_lua.c after 90s - using fallback metadata
2025-12-18 05:09:50,971 - Knowledge - INFO - Processing batch of 6 files
2025-12-18 05:09:51,060 - Knowledge - INFO - Fast-tracked /app/data/gemtektechnologycoltd2546/3455/b8507vs/lighttpd2-3455/include/lighttpd/buffer.h (ext=.h, size=707)
2025-12-18 05:09:51,273 - Knowledge - INFO - process ingested knowledge for /app/data/gemtektechnologycoltd2546/3455/b8507vs/lighttpd2-3455/src/common/module.c
2025-12-18 05:09:51,619 - Knowledge - WARNING - Timeout processing /app/data/gemtektechnologycoltd2546/3455/b8507vs/lighttpd2-3455/src/main/response.c after 90s - using fallback metadata
2025-12-18 05:09:51,620 - Knowledge - INFO - Processing batch of 6 files
2025-12-18 05:09:51,907 - Knowledge - WARNING - Timeout processing /app/data/gemtektechnologycoltd2546/3455/b8507vs/lighttpd2-3455/src/main/stream_http_response.c after 90s - using fallback metadata
2025-12-18 05:09:52,099 - Knowledge - WARNING - Timeout processing /app/data/gemtektechnologycoltd2546/3455/b8507vs/lighttpd2-3455/src/main/mimetype.c after 90s - using fallback metadata
2025-12-18 05:09:52,290 - Knowledge - INFO - process ingested knowledge for /app/data/gemtektechnologycoltd2546/3455/b8507vs/lighttpd2-3455/src/common/mempool.c
2025-12-18 05:09:52,422 - Knowledge - WARNING - Timeout processing /app/data/gemtektechnologycoltd2546/3455/b8507vs/lighttpd2-3455/src/main/condition.c after 90s - using fallback metadata
2025-12-18 05:09:52,561 - Knowledge - INFO - Worker kw5 processing /app/data/gemtektechnologycoltd2546/3455/b8507vs/lighttpd2-3455/include/lighttpd/angel_typedefs.h
2025-12-18 05:09:53,146 - Knowledge - INFO - process ingested knowledge for /app/data/gemtektechnologycoltd2546/3455/b8507vs/lighttpd2-3455/src/modules/mod_throttle.c
2025-12-18 05:09:53,271 - Knowledge - WARNING - Timeout processing /app/data/gemtektechnologycoltd2546/3455/b8507vs/lighttpd2-3455/src/main/lighttpd_worker.c after 90s - using fallback metadata
2025-12-18 05:09:53,437 - Knowledge - WARNING - Timeout processing /app/data/gemtektechnologycoltd2546/3455/b8507vs/lighttpd2-3455/src/main/network.c after 90s - using fallback metadata
2025-12-18 05:09:53,602 - Knowledge - WARNING - Timeout processing /app/data/gemtektechnologycoltd2546/3455/b8507vs/lighttpd2-3455/src/main/network_sendfile.c after 90s - using fallback metadata
2025-12-18 05:09:53,999 - Knowledge - WARNING - Timeout processing /app/data/gemtektechnologycoltd2546/3455/b8507vs/lighttpd2-3455/src/main/filter_chunked.c after 90s - using fallback metadata
2025-12-18 05:09:54,586 - Knowledge - INFO - Fast-tracked /app/data/gemtektechnologycoltd2546/3455/b8507vs/lighttpd2-3455/include/lighttpd/angel_typedefs.h (ext=.h, size=830)
2025-12-18 05:09:54,648 - Knowledge - WARNING - Timeout processing /app/data/gemtektechnologycoltd2546/3455/b8507vs/lighttpd2-3455/src/main/actions_lua.c after 90s - using fallback metadata
2025-12-18 05:09:54,737 - Knowledge - INFO - process ingested knowledge for /app/data/gemtektechnologycoltd2546/3455/b8507vs/lighttpd2-3455/src/common/idlist.c
2025-12-18 05:09:54,990 - Knowledge - INFO - process ingested knowledge for /app/data/gemtektechnologycoltd2546/3455/b8507vs/lighttpd2-3455/src/modules/mod_userdir.c
2025-12-18 05:09:55,019 - Knowledge - INFO - Processing batch of 6 files
2025-12-18 05:09:55,094 - Knowledge - WARNING - Timeout processing /app/data/gemtektechnologycoltd2546/3455/b8507vs/lighttpd2-3455/src/main/filter_buffer_on_disk.c after 90s - using fallback metadata
2025-12-18 05:09:55,363 - Knowledge - WARNING - Timeout processing /app/data/gemtektechnologycoltd2546/3455/b8507vs/lighttpd2-3455/src/main/filters_lua.c after 90s - using fallback metadata
2025-12-18 05:09:55,423 - Knowledge - WARNING - Timeout processing /app/data/gemtektechnologycoltd2546/3455/b8507vs/lighttpd2-3455/src/main/proxy_protocol.c after 90s - using fallback metadata
2025-12-18 05:09:55,532 - Knowledge - WARNING - Timeout processing /app/data/gemtektechnologycoltd2546/3455/b8507vs/lighttpd2-3455/src/main/server.c after 90s - using fallback metadata
2025-12-18 05:09:55,643 - Knowledge - INFO - Worker kw5 processing /app/data/gemtektechnologycoltd2546/3455/b8507vs/lighttpd2-3455/include/lighttpd/lighttpd-glue.h
2025-12-18 05:09:55,949 - Knowledge - WARNING - Timeout processing /app/data/gemtektechnologycoltd2546/3455/b8507vs/lighttpd2-3455/src/main/network_writev.c after 90s - using fallback metadata
2025-12-18 05:09:56,477 - Knowledge - INFO - process ingested knowledge for /app/data/gemtektechnologycoltd2546/3455/b8507vs/lighttpd2-3455/src/main/virtualrequest.c
2025-12-18 05:09:56,588 - Knowledge - INFO - process ingested knowledge for /app/data/gemtektechnologycoltd2546/3455/b8507vs/lighttpd2-3455/src/common/events.c
2025-12-18 05:09:56,613 - Knowledge - INFO - process ingested knowledge for /app/data/gemtektechnologycoltd2546/3455/b8507vs/lighttpd2-3455/src/modules/mod_cache_disk_etag.c
2025-12-18 05:09:56,748 - Knowledge - WARNING - Timeout processing /app/data/gemtektechnologycoltd2546/3455/b8507vs/lighttpd2-3455/src/main/throttle.c after 90s - using fallback metadata
2025-12-18 05:09:56,884 - Knowledge - WARNING - Timeout processing /app/data/gemtektechnologycoltd2546/3455/b8507vs/lighttpd2-3455/src/main/backends.c after 90s - using fallback metadata
2025-12-18 05:09:57,116 - Knowledge - INFO - [LLM_CALL] Completed: utils.c:chunk1, Duration: 70044ms, PromptTokens: 17922, CompletionTokens: 642, Cost: $0.00205
2025-12-18 05:09:57,210 - Knowledge - WARNING - Timeout processing /app/data/gemtektechnologycoltd2546/3455/b8507vs/lighttpd2-3455/src/main/plugin_core.c after 90s - using fallback metadata
2025-12-18 05:09:57,465 - Knowledge - INFO - Fast-tracked /app/data/gemtektechnologycoltd2546/3455/b8507vs/lighttpd2-3455/include/lighttpd/lighttpd-glue.h (ext=.h, size=909)
2025-12-18 05:09:57,636 - Knowledge - WARNING - Timeout processing /app/data/gemtektechnologycoltd2546/3455/b8507vs/lighttpd2-3455/src/main/chunk_lua.c after 90s - using fallback metadata
2025-12-18 05:09:58,195 - Knowledge - INFO - process ingested knowledge for /app/data/gemtektechnologycoltd2546/3455/b8507vs/lighttpd2-3455/src/main/response_lua.c
2025-12-18 05:09:58,203 - Knowledge - INFO - process ingested knowledge for /app/data/gemtektechnologycoltd2546/3455/b8507vs/lighttpd2-3455/src/common/value.c
2025-12-18 05:09:58,220 - Knowledge - INFO - process ingested knowledge for /app/data/gemtektechnologycoltd2546/3455/b8507vs/lighttpd2-3455/src/modules/mod_fastcgi.c
2025-12-18 05:09:58,279 - Knowledge - INFO - Fast-tracked /app/data/gemtektechnologycoltd2546/3455/b8507vs/lighttpd2-3455/src/angel/angel_log.c (small file (2580 bytes))
2025-12-18 05:09:58,365 - Knowledge - WARNING - Timeout processing /app/data/gemtektechnologycoltd2546/3455/b8507vs/lighttpd2-3455/src/main/http_headers.c after 90s - using fallback metadata
2025-12-18 05:09:58,509 - Knowledge - INFO - done ingest for /app/data/gemtektechnologycoltd2546/3455/b8507vs/lighttpd2-3455/src/common/utils.c
2025-12-18 05:09:58,541 - Knowledge - INFO - [LLM_CALL] Completed: mod_debug.c:chunk1, Duration: 90395ms, PromptTokens: 13522, CompletionTokens: 1607, Cost: $0.00200
2025-12-18 05:09:58,625 - Knowledge - WARNING - Timeout processing /app/data/gemtektechnologycoltd2546/3455/b8507vs/lighttpd2-3455/src/main/config_lua.c after 90s - using fallback metadata
2025-12-18 05:09:58,827 - Knowledge - INFO - Fast-tracked /app/data/gemtektechnologycoltd2546/3455/b8507vs/lighttpd2-3455/include/lighttpd/waitqueue.h (small file (2384 bytes))
2025-12-18 05:09:58,871 - Knowledge - WARNING - Timeout processing /app/data/gemtektechnologycoltd2546/3455/b8507vs/lighttpd2-3455/src/main/request_lua.c after 90s - using fallback metadata
2025-12-18 05:09:59,020 - Knowledge - INFO - process ingested knowledge for /app/data/gemtektechnologycoltd2546/3455/b8507vs/lighttpd2-3455/src/main/connection.c
2025-12-18 05:09:59,177 - Knowledge - INFO - process ingested knowledge for /app/data/gemtektechnologycoltd2546/3455/b8507vs/lighttpd2-3455/src/common/jobqueue.c
2025-12-18 05:09:59,361 - Knowledge - INFO - process ingested knowledge for /app/data/gemtektechnologycoltd2546/3455/b8507vs/lighttpd2-3455/src/modules/ssl_client_hello_parser.h
2025-12-18 05:09:59,607 - Knowledge - WARNING - Timeout processing /app/data/gemtektechnologycoltd2546/3455/b8507vs/lighttpd2-3455/src/main/actions.c after 90s - using fallback metadata
2025-12-18 05:10:00,546 - Knowledge - INFO - done ingest for /app/data/gemtektechnologycoltd2546/3455/b8507vs/lighttpd2-3455/src/modules/mod_debug.c
2025-12-18 05:10:00,548 - Knowledge - WARNING - Timeout processing /app/data/gemtektechnologycoltd2546/3455/b8507vs/lighttpd2-3455/src/common/memcached.c after 90s - using fallback metadata
2025-12-18 05:10:00,751 - Knowledge - INFO - Processing batch of 6 files
2025-12-18 05:10:00,759 - Knowledge - WARNING - Timeout processing /app/data/gemtektechnologycoltd2546/3455/b8507vs/lighttpd2-3455/src/main/angel.c after 90s - using fallback metadata
2025-12-18 05:10:00,783 - Knowledge - INFO - [WEBSOCKET] Sent: Type=progress_update, Size: 291, Duration: 103ms
2025-12-18 05:10:00,924 - Knowledge - INFO - Async storage completed for 6 embeddings
2025-12-18 05:10:01,074 - Knowledge - WARNING - Timeout processing /app/data/gemtektechnologycoltd2546/3455/b8507vs/lighttpd2-3455/src/main/worker.c after 90s - using fallback metadata
2025-12-18 05:10:01,214 - Knowledge - INFO - process ingested knowledge for /app/data/gemtektechnologycoltd2546/3455/b8507vs/lighttpd2-3455/src/main/condition_lua.c
2025-12-18 05:10:01,417 - Knowledge - INFO - process ingested knowledge for /app/data/gemtektechnologycoltd2546/3455/b8507vs/lighttpd2-3455/src/common/angel_data.c
2025-12-18 05:10:01,568 - Knowledge - INFO - process ingested knowledge for /app/data/gemtektechnologycoltd2546/3455/b8507vs/lighttpd2-3455/src/modules/mod_deflate.c
2025-12-18 05:10:01,719 - Knowledge - WARNING - Timeout processing /app/data/gemtektechnologycoltd2546/3455/b8507vs/lighttpd2-3455/src/main/virtualrequest_lua.c after 90s - using fallback metadata
2025-12-18 05:10:02,376 - Knowledge - INFO - process ingested knowledge for /app/data/gemtektechnologycoltd2546/3455/b8507vs/lighttpd2-3455/src/common/angel_connection.c
2025-12-18 05:10:02,458 - Knowledge - INFO - Async storage completed for 6 embeddings
2025-12-18 05:10:02,848 - Knowledge - INFO - [LLM_CALL] Completed: mod_scgi.c:chunk1, Duration: 97665ms, PromptTokens: 5320, CompletionTokens: 1211, Cost: $0.00102
2025-12-18 05:10:03,273 - Knowledge - INFO - process ingested knowledge for /app/data/gemtektechnologycoltd2546/3455/b8507vs/lighttpd2-3455/src/main/subrequest_lua.c
2025-12-18 05:10:04,524 - Knowledge - INFO - done ingest for /app/data/gemtektechnologycoltd2546/3455/b8507vs/lighttpd2-3455/src/modules/mod_scgi.c
2025-12-18 05:10:04,578 - Knowledge - INFO - [LLM_CALL] Completed: test-range-parser.c:chunk1, Duration: 66596ms, PromptTokens: 2892, CompletionTokens: 433, Cost: $0.00046
2025-12-18 05:10:04,997 - Knowledge - INFO - done ingest for /app/data/gemtektechnologycoltd2546/3455/b8507vs/lighttpd2-3455/src/unittests/test-range-parser.c
2025-12-18 05:10:05,010 - Knowledge - INFO - [WEBSOCKET] Sent: Type=unknown, Size: ?, Duration: 4329ms
2025-12-18 05:10:05,281 - Knowledge - INFO - process ingested knowledge for /app/data/gemtektechnologycoltd2546/3455/b8507vs/lighttpd2-3455/src/common/value_impl.c
2025-12-18 05:10:05,301 - Knowledge - INFO - process ingested knowledge for /app/data/gemtektechnologycoltd2546/3455/b8507vs/lighttpd2-3455/src/main/network_write.c
2025-12-18 05:10:05,524 - Knowledge - INFO - Progress: 17.2% | Files: 57/290 | Rate: 0.41 files/sec | Queue: 159
2025-12-18 05:10:05,732 - Knowledge - INFO - [LLM_CALL] Completed: environment_lua.c:chunk1, Duration: 98043ms, PromptTokens: 3048, CompletionTokens: 728, Cost: $0.00060
2025-12-18 05:10:06,546 - Knowledge - INFO - done ingest for /app/data/gemtektechnologycoltd2546/3455/b8507vs/lighttpd2-3455/src/main/environment_lua.c
2025-12-18 05:10:06,731 - Knowledge - INFO - process ingested knowledge for /app/data/gemtektechnologycoltd2546/3455/b8507vs/lighttpd2-3455/src/main/stat_cache.c
2025-12-18 05:10:07,463 - Knowledge - INFO - [kw9] Queue=159, InProgress=0, PendingWorkers=20/20, Completed=58/290 (20.0%)
2025-12-18 05:10:07,814 - Knowledge - INFO - Batch sizing: calculated=5, max_allowed=10, queue=159, active_workers=20/20
2025-12-18 05:10:08,548 - Knowledge - INFO - process ingested knowledge for /app/data/gemtektechnologycoltd2546/3455/b8507vs/lighttpd2-3455/src/main/plugin.c
2025-12-18 05:10:08,628 - Knowledge - WARNING - Timeout processing /app/data/gemtektechnologycoltd2546/3455/b8507vs/lighttpd2-3455/src/main/stat_lua.c after 90s - using fallback metadata
2025-12-18 05:10:09,137 - Knowledge - WARNING - Timeout processing /app/data/gemtektechnologycoltd2546/3455/b8507vs/lighttpd2-3455/src/main/stream_simple_socket.c after 90s - using fallback metadata
2025-12-18 05:10:09,416 - Knowledge - WARNING - Timeout processing /app/data/gemtektechnologycoltd2546/3455/b8507vs/lighttpd2-3455/src/main/angel_fake.c after 90s - using fallback metadata
2025-12-18 05:10:10,039 - Knowledge - INFO - Async storing batch of 6 embeddings
2025-12-18 05:10:10,349 - Knowledge - INFO - Worker kw9 processing /app/data/gemtektechnologycoltd2546/3455/b8507vs/lighttpd2-3455/include/lighttpd/mimetype.h
2025-12-18 05:10:10,573 - Knowledge - INFO - Processing batch of 6 files
2025-12-18 05:10:10,665 - Knowledge - INFO - Fast-tracked /app/data/gemtektechnologycoltd2546/3455/b8507vs/lighttpd2-3455/include/lighttpd/mimetype.h (ext=.h, size=645)
2025-12-18 05:10:10,958 - Knowledge - INFO - process ingested knowledge for /app/data/gemtektechnologycoltd2546/3455/b8507vs/lighttpd2-3455/src/main/connection_http.c
2025-12-18 05:10:10,975 - Knowledge - INFO - process ingested knowledge for /app/data/gemtektechnologycoltd2546/3455/b8507vs/lighttpd2-3455/src/main/etag.c
2025-12-18 05:10:11,265 - Knowledge - INFO - Worker kw9 processing /app/data/gemtektechnologycoltd2546/3455/b8507vs/lighttpd2-3455/include/lighttpd/fetch.h
2025-12-18 05:10:11,991 - Knowledge - INFO - Worker kw9 processing /app/data/gemtektechnologycoltd2546/3455/b8507vs/lighttpd2-3455/include/lighttpd/network.h
2025-12-18 05:10:12,270 - Knowledge - INFO - [LLM_CALL] Completed: mod_dirlist.c:chunk1, Duration: 129342ms, PromptTokens: 16770, CompletionTokens: 955, Cost: $0.00206
2025-12-18 05:10:12,432 - Knowledge - INFO - Fast-tracked /app/data/gemtektechnologycoltd2546/3455/b8507vs/lighttpd2-3455/include/lighttpd/network.h (ext=.h, size=1640)
2025-12-18 05:10:12,516 - Knowledge - WARNING - Timeout processing /app/data/gemtektechnologycoltd2546/3455/b8507vs/lighttpd2-3455/src/main/stream.c after 90s - using fallback metadata
2025-12-18 05:10:12,579 - Knowledge - INFO - done ingest for /app/data/gemtektechnologycoltd2546/3455/b8507vs/lighttpd2-3455/src/modules/mod_dirlist.c
2025-12-18 05:10:12,897 - Knowledge - INFO - Worker kw9 processing /app/data/gemtektechnologycoltd2546/3455/b8507vs/lighttpd2-3455/include/lighttpd/worker.h
2025-12-18 05:10:12,995 - Knowledge - WARNING - Timeout processing /app/data/gemtektechnologycoltd2546/3455/b8507vs/lighttpd2-3455/src/main/log.c after 90s - using fallback metadata
2025-12-18 05:10:13,356 - Knowledge - INFO - Worker kw9 processing /app/data/gemtektechnologycoltd2546/3455/b8507vs/lighttpd2-3455/include/lighttpd/core_lua.h
2025-12-18 05:10:13,426 - Knowledge - INFO - process ingested knowledge for /app/data/gemtektechnologycoltd2546/3455/b8507vs/lighttpd2-3455/src/main/response.c
2025-12-18 05:10:13,727 - Knowledge - INFO - Processing batch of 5 files
2025-12-18 05:10:13,892 - Knowledge - INFO - Processing batch of 5 files
2025-12-18 05:10:14,150 - Knowledge - INFO - process ingested knowledge for /app/data/gemtektechnologycoltd2546/3455/b8507vs/lighttpd2-3455/src/main/core_lua.c
2025-12-18 05:10:14,272 - Knowledge - INFO - process ingested knowledge for /app/data/gemtektechnologycoltd2546/3455/b8507vs/lighttpd2-3455/include/lighttpd/angel_proc.h
2025-12-18 05:10:14,691 - Knowledge - INFO - Processing batch of 5 files
2025-12-18 05:10:14,925 - Knowledge - INFO - process ingested knowledge for /app/data/gemtektechnologycoltd2546/3455/b8507vs/lighttpd2-3455/src/main/chunk.c
2025-12-18 05:10:14,982 - Knowledge - INFO - [WEBSOCKET] Sent: Type=progress_update, Size: 293, Duration: 0ms
2025-12-18 05:10:15,366 - Knowledge - INFO - process ingested knowledge for /app/data/gemtektechnologycoltd2546/3455/b8507vs/lighttpd2-3455/src/main/actions_lua.c
2025-12-18 05:10:15,679 - Knowledge - INFO - [kw4] Queue=154, InProgress=0, PendingWorkers=20/20, Completed=89/290 (30.7%)
2025-12-18 05:10:15,703 - Knowledge - INFO - process ingested knowledge for /app/data/gemtektechnologycoltd2546/3455/b8507vs/lighttpd2-3455/src/main/mimetype.c
2025-12-18 05:10:15,818 - Knowledge - INFO - [WEBSOCKET] Sent: Type=unknown, Size: ?, Duration: 836ms
2025-12-18 05:10:16,052 - Knowledge - INFO - Batch sizing: calculated=5, max_allowed=10, queue=154, active_workers=20/20
2025-12-18 05:10:16,272 - Knowledge - INFO - process ingested knowledge for /app/data/gemtektechnologycoltd2546/3455/b8507vs/lighttpd2-3455/src/main/request.c
2025-12-18 05:10:16,285 - Knowledge - INFO - process ingested knowledge for /app/data/gemtektechnologycoltd2546/3455/b8507vs/lighttpd2-3455/include/lighttpd/waitqueue.h
2025-12-18 05:10:16,321 - Knowledge - INFO - process ingested knowledge for /app/data/gemtektechnologycoltd2546/3455/b8507vs/lighttpd2-3455/src/main/network_writev.c
2025-12-18 05:10:16,471 - Knowledge - INFO - Progress: 29.0% | Files: 89/290 | Rate: 0.59 files/sec | Queue: 154
2025-12-18 05:10:16,670 - Knowledge - INFO - Processing batch of 6 files
2025-12-18 05:10:16,707 - Knowledge - INFO - Processing batch of 6 files
2025-12-18 05:10:17,070 - Knowledge - INFO - [LLM_CALL] Completed: test-utils.c:chunk1, Duration: 54897ms, PromptTokens: 3528, CompletionTokens: 641, Cost: $0.00061
2025-12-18 05:10:17,193 - Knowledge - INFO - process ingested knowledge for /app/data/gemtektechnologycoltd2546/3455/b8507vs/lighttpd2-3455/src/main/network.c
2025-12-18 05:10:17,282 - Knowledge - INFO - process ingested knowledge for /app/data/gemtektechnologycoltd2546/3455/b8507vs/lighttpd2-3455/src/main/stream_http_response.c
2025-12-18 05:10:17,643 - Knowledge - INFO - process ingested knowledge for /app/data/gemtektechnologycoltd2546/3455/b8507vs/lighttpd2-3455/src/common/memcached.c
2025-12-18 05:10:17,782 - Knowledge - INFO - process ingested knowledge for /app/data/gemtektechnologycoltd2546/3455/b8507vs/lighttpd2-3455/src/main/network_sendfile.c
2025-12-18 05:10:17,914 - Knowledge - INFO - done ingest for /app/data/gemtektechnologycoltd2546/3455/b8507vs/lighttpd2-3455/src/unittests/test-utils.c
2025-12-18 05:10:17,954 - Knowledge - INFO - process ingested knowledge for /app/data/gemtektechnologycoltd2546/3455/b8507vs/lighttpd2-3455/include/lighttpd/buffer.h
2025-12-18 05:10:17,989 - Knowledge - INFO - Async storing batch of 6 embeddings
2025-12-18 05:10:18,130 - Knowledge - INFO - Processing batch of 6 files
2025-12-18 05:10:18,390 - Knowledge - WARNING - Timeout processing /app/data/gemtektechnologycoltd2546/3455/b8507vs/lighttpd2-3455/src/modules/gnutls_ocsp.c after 90s - using fallback metadata
2025-12-18 05:10:18,438 - Knowledge - INFO - [kw8] Queue=149, InProgress=0, PendingWorkers=20/20, Completed=92/290 (31.7%)
2025-12-18 05:10:18,449 - Knowledge - INFO - process ingested knowledge for /app/data/gemtektechnologycoltd2546/3455/b8507vs/lighttpd2-3455/src/main/filters_lua.c
2025-12-18 05:10:18,487 - Knowledge - INFO - process ingested knowledge for /app/data/gemtektechnologycoltd2546/3455/b8507vs/lighttpd2-3455/src/main/lighttpd_worker.c
2025-12-18 05:10:18,728 - Knowledge - INFO - process ingested knowledge for /app/data/gemtektechnologycoltd2546/3455/b8507vs/lighttpd2-3455/src/common/sys_memory.c
2025-12-18 05:10:18,787 - Knowledge - WARNING - Timeout processing /app/data/gemtektechnologycoltd2546/3455/b8507vs/lighttpd2-3455/src/modules/mod_openssl.c after 90s - using fallback metadata
2025-12-18 05:10:18,917 - Knowledge - WARNING - Timeout processing /app/data/gemtektechnologycoltd2546/3455/b8507vs/lighttpd2-3455/src/main/filter.c after 90s - using fallback metadata
2025-12-18 05:10:18,973 - Knowledge - INFO - process ingested knowledge for /app/data/gemtektechnologycoltd2546/3455/b8507vs/lighttpd2-3455/src/main/proxy_protocol.c
2025-12-18 05:10:18,988 - Knowledge - INFO - process ingested knowledge for /app/data/gemtektechnologycoltd2546/3455/b8507vs/lighttpd2-3455/include/lighttpd/angel_typedefs.h
2025-12-18 05:10:18,994 - Knowledge - INFO - [WEBSOCKET] Sent: Type=progress_update, Size: 293, Duration: 0ms
2025-12-18 05:10:18,994 - Knowledge - INFO - process ingested knowledge for /app/data/gemtektechnologycoltd2546/3455/b8507vs/lighttpd2-3455/src/main/chunk_lua.c
2025-12-18 05:10:19,014 - Knowledge - INFO - Worker kw4 processing /app/data/gemtektechnologycoltd2546/3455/b8507vs/lighttpd2-3455/include/lighttpd/http_response_parser.h
2025-12-18 05:10:19,101 - Knowledge - INFO - process ingested knowledge for /app/data/gemtektechnologycoltd2546/3455/b8507vs/lighttpd2-3455/src/main/filter_chunked.c
2025-12-18 05:10:19,220 - Knowledge - WARNING - Timeout processing /app/data/gemtektechnologycoltd2546/3455/b8507vs/lighttpd2-3455/src/modules/openssl_filter.c after 90s - using fallback metadata
2025-12-18 05:10:19,375 - Knowledge - INFO - Batch sizing: calculated=5, max_allowed=10, queue=149, active_workers=20/20
2025-12-18 05:10:19,502 - Knowledge - INFO - process ingested knowledge for /app/data/gemtektechnologycoltd2546/3455/b8507vs/lighttpd2-3455/src/main/throttle.c
2025-12-18 05:10:19,702 - Knowledge - INFO - Async storage completed for 6 embeddings
2025-12-18 05:10:19,926 - Knowledge - INFO - process ingested knowledge for /app/data/gemtektechnologycoltd2546/3455/b8507vs/lighttpd2-3455/src/main/filter_buffer_on_disk.c
2025-12-18 05:10:19,927 - Knowledge - INFO - process ingested knowledge for /app/data/gemtektechnologycoltd2546/3455/b8507vs/lighttpd2-3455/src/common/sys_socket.c
2025-12-18 05:10:20,021 - Knowledge - WARNING - Timeout processing /app/data/gemtektechnologycoltd2546/3455/b8507vs/lighttpd2-3455/src/modules/mod_status.c after 90s - using fallback metadata
2025-12-18 05:10:20,093 - Knowledge - WARNING - Timeout processing /app/data/gemtektechnologycoltd2546/3455/b8507vs/lighttpd2-3455/src/main/collect.c after 90s - using fallback metadata
2025-12-18 05:10:20,218 - Knowledge - INFO - process ingested knowledge for /app/data/gemtektechnologycoltd2546/3455/b8507vs/lighttpd2-3455/src/main/backends.c
2025-12-18 05:10:20,347 - Knowledge - INFO - process ingested knowledge for /app/data/gemtektechnologycoltd2546/3455/b8507vs/lighttpd2-3455/include/lighttpd/lighttpd-glue.h
2025-12-18 05:10:20,546 - Knowledge - INFO - [kw10] Queue=149, InProgress=0, PendingWorkers=20/20, Completed=98/290 (33.8%)
2025-12-18 05:10:20,557 - Knowledge - INFO - Processing batch of 6 files
2025-12-18 05:10:20,598 - Knowledge - INFO - [WEBSOCKET] Sent: Type=unknown, Size: ?, Duration: 1605ms
2025-12-18 05:10:20,604 - Knowledge - INFO - process ingested knowledge for /app/data/gemtektechnologycoltd2546/3455/b8507vs/lighttpd2-3455/src/main/request_lua.c
2025-12-18 05:10:20,712 - Knowledge - INFO - Fast-tracked /app/data/gemtektechnologycoltd2546/3455/b8507vs/lighttpd2-3455/include/lighttpd/http_response_parser.h (ext=.h, size=802)
2025-12-18 05:10:20,779 - Knowledge - INFO - process ingested knowledge for /app/data/gemtektechnologycoltd2546/3455/b8507vs/lighttpd2-3455/src/main/server.c
2025-12-18 05:10:21,033 - Knowledge - WARNING - Timeout processing /app/data/gemtektechnologycoltd2546/3455/b8507vs/lighttpd2-3455/src/modules/mod_balance.c after 90s - using fallback metadata
2025-12-18 05:10:22,194 - Knowledge - WARNING - Timeout processing /app/data/gemtektechnologycoltd2546/3455/b8507vs/lighttpd2-3455/src/main/value_lua.c after 90s - using fallback metadata
2025-12-18 05:10:22,611 - Knowledge - INFO - Batch sizing: calculated=5, max_allowed=10, queue=149, active_workers=20/20
2025-12-18 05:10:22,742 - Knowledge - INFO - process ingested knowledge for /app/data/gemtektechnologycoltd2546/3455/b8507vs/lighttpd2-3455/src/main/environment.c
2025-12-18 05:10:22,768 - Knowledge - INFO - process ingested knowledge for /app/data/gemtektechnologycoltd2546/3455/b8507vs/lighttpd2-3455/src/main/http_headers.c
2025-12-18 05:10:22,803 - Knowledge - INFO - process ingested knowledge for /app/data/gemtektechnologycoltd2546/3455/b8507vs/lighttpd2-3455/src/common/encoding.c
2025-12-18 05:10:22,853 - Knowledge - INFO - Progress: 33.1% | Files: 100/290 | Rate: 0.64 files/sec | Queue: 144
2025-12-18 05:10:22,910 - Knowledge - INFO - [LLM_CALL] Completed: mod_memcached.c:chunk1, Duration: 132909ms, PromptTokens: 20468, CompletionTokens: 1143, Cost: $0.00250
2025-12-18 05:10:23,131 - Knowledge - INFO - Worker kw4 processing /app/data/gemtektechnologycoltd2546/3455/b8507vs/lighttpd2-3455/include/lighttpd/config_parser.h
2025-12-18 05:10:23,549 - Knowledge - INFO - process ingested knowledge for /app/data/gemtektechnologycoltd2546/3455/b8507vs/lighttpd2-3455/src/main/worker.c
2025-12-18 05:10:24,265 - Knowledge - INFO - done ingest for /app/data/gemtektechnologycoltd2546/3455/b8507vs/lighttpd2-3455/src/modules/mod_memcached.c
2025-12-18 05:10:24,289 - Knowledge - INFO - Async storing batch of 6 embeddings
2025-12-18 05:10:24,880 - Knowledge - INFO - process ingested knowledge for /app/data/gemtektechnologycoltd2546/3455/b8507vs/lighttpd2-3455/src/main/plugin_core.c
2025-12-18 05:10:24,895 - Knowledge - INFO - Fast-tracked /app/data/gemtektechnologycoltd2546/3455/b8507vs/lighttpd2-3455/include/lighttpd/config_parser.h (ext=.h, size=501)
2025-12-18 05:10:24,910 - Knowledge - INFO - Async storing batch of 6 embeddings
2025-12-18 05:10:24,931 - Knowledge - INFO - process ingested knowledge for /app/data/gemtektechnologycoltd2546/3455/b8507vs/lighttpd2-3455/src/main/chunk_parser.c
2025-12-18 05:10:24,950 - Knowledge - INFO - process ingested knowledge for /app/data/gemtektechnologycoltd2546/3455/b8507vs/lighttpd2-3455/src/main/actions.c
2025-12-18 05:10:24,953 - Knowledge - INFO - [kw15] Queue=139, InProgress=0, PendingWorkers=20/20, Completed=102/290 (35.2%)
2025-12-18 05:10:25,123 - Knowledge - INFO - Processing batch of 6 files
2025-12-18 05:10:25,231 - Knowledge - INFO - Worker kw8 processing /app/data/gemtektechnologycoltd2546/3455/b8507vs/lighttpd2-3455/include/lighttpd/value_lua.h
2025-12-18 05:10:25,503 - Knowledge - INFO - Worker kw4 processing /app/data/gemtektechnologycoltd2546/3455/b8507vs/lighttpd2-3455/include/lighttpd/log.h
2025-12-18 05:10:25,647 - Knowledge - INFO - Worker kw10 processing /app/data/gemtektechnologycoltd2546/3455/b8507vs/lighttpd2-3455/include/lighttpd/angel_connection.h
2025-12-18 05:10:25,800 - Knowledge - INFO - process ingested knowledge for /app/data/gemtektechnologycoltd2546/3455/b8507vs/lighttpd2-3455/src/common/profiler.c
2025-12-18 05:10:25,867 - Knowledge - INFO - process ingested knowledge for /app/data/gemtektechnologycoltd2546/3455/b8507vs/lighttpd2-3455/src/main/config_lua.c
2025-12-18 05:10:25,898 - Knowledge - INFO - process ingested knowledge for /app/data/gemtektechnologycoltd2546/3455/b8507vs/lighttpd2-3455/src/main/stat_lua.c
2025-12-18 05:10:26,008 - Knowledge - INFO - Batch sizing: calculated=5, max_allowed=10, queue=139, active_workers=20/20
2025-12-18 05:10:26,226 - Knowledge - INFO - process ingested knowledge for /app/data/gemtektechnologycoltd2546/3455/b8507vs/lighttpd2-3455/src/main/http_headers_lua.c
2025-12-18 05:10:26,341 - Knowledge - INFO - Fast-tracked /app/data/gemtektechnologycoltd2546/3455/b8507vs/lighttpd2-3455/include/lighttpd/value_lua.h (ext=.h, size=534)
2025-12-18 05:10:26,425 - Knowledge - INFO - Worker kw4 processing /app/data/gemtektechnologycoltd2546/3455/b8507vs/lighttpd2-3455/include/lighttpd/actions_lua.h
2025-12-18 05:10:26,563 - Knowledge - INFO - Worker kw10 processing /app/data/gemtektechnologycoltd2546/3455/b8507vs/lighttpd2-3455/include/lighttpd/collect.h
2025-12-18 05:10:26,694 - Knowledge - INFO - process ingested knowledge for /app/data/gemtektechnologycoltd2546/3455/b8507vs/lighttpd2-3455/src/main/virtualrequest_lua.c
2025-12-18 05:10:26,719 - Knowledge - INFO - [WEBSOCKET] Sent: Type=progress_update, Size: 292, Duration: 0ms
2025-12-18 05:10:27,450 - Knowledge - INFO - Worker kw8 processing /app/data/gemtektechnologycoltd2546/3455/b8507vs/lighttpd2-3455/include/lighttpd/throttle.h
2025-12-18 05:10:27,489 - Knowledge - INFO - process ingested knowledge for /app/data/gemtektechnologycoltd2546/3455/b8507vs/lighttpd2-3455/src/common/utils.c
2025-12-18 05:10:27,530 - Knowledge - INFO - process ingested knowledge for /app/data/gemtektechnologycoltd2546/3455/b8507vs/lighttpd2-3455/src/main/angel.c
2025-12-18 05:10:27,537 - Knowledge - INFO - process ingested knowledge for /app/data/gemtektechnologycoltd2546/3455/b8507vs/lighttpd2-3455/src/main/value.c
2025-12-18 05:10:27,584 - Knowledge - INFO - process ingested knowledge for /app/data/gemtektechnologycoltd2546/3455/b8507vs/lighttpd2-3455/src/main/options.c
2025-12-18 05:10:27,602 - Knowledge - INFO - Fast-tracked /app/data/gemtektechnologycoltd2546/3455/b8507vs/lighttpd2-3455/include/lighttpd/actions_lua.h (ext=.h, size=560)
2025-12-18 05:10:27,790 - Knowledge - INFO - Worker kw10 processing /app/data/gemtektechnologycoltd2546/3455/b8507vs/lighttpd2-3455/include/lighttpd/stream.h
2025-12-18 05:10:28,031 - Knowledge - INFO - [LLM_CALL] Completed: angel_proc.c:chunk1, Duration: 27325ms, PromptTokens: 4548, CompletionTokens: 921, Cost: $0.00082
2025-12-18 05:10:28,114 - Knowledge - INFO - Fast-tracked /app/data/gemtektechnologycoltd2546/3455/b8507vs/lighttpd2-3455/include/lighttpd/throttle.h (ext=.h, size=1309)
2025-12-18 05:10:28,605 - Knowledge - INFO - process ingested knowledge for /app/data/gemtektechnologycoltd2546/3455/b8507vs/lighttpd2-3455/src/main/condition.c
2025-12-18 05:10:28,629 - Knowledge - INFO - process ingested knowledge for /app/data/gemtektechnologycoltd2546/3455/b8507vs/lighttpd2-3455/src/main/stream_simple_socket.c
2025-12-18 05:10:28,786 - Knowledge - INFO - Worker kw4 processing /app/data/gemtektechnologycoltd2546/3455/b8507vs/lighttpd2-3455/include/lighttpd/pattern.h
2025-12-18 05:10:28,924 - Knowledge - INFO - Worker kw10 processing /app/data/gemtektechnologycoltd2546/3455/b8507vs/lighttpd2-3455/include/lighttpd/base_lua.h
2025-12-18 05:10:29,024 - Knowledge - INFO - done ingest for /app/data/gemtektechnologycoltd2546/3455/b8507vs/lighttpd2-3455/src/angel/angel_proc.c
2025-12-18 05:10:29,042 - Knowledge - INFO - Async storing batch of 6 embeddings
2025-12-18 05:10:29,054 - Knowledge - INFO - [WEBSOCKET] Sent: Type=unknown, Size: ?, Duration: 2335ms
2025-12-18 05:10:29,129 - Knowledge - INFO - process ingested knowledge for /app/data/gemtektechnologycoltd2546/3455/b8507vs/lighttpd2-3455/src/main/lighttpd_glue.c
2025-12-18 05:10:29,149 - Knowledge - INFO - Worker kw8 processing /app/data/gemtektechnologycoltd2546/3455/b8507vs/lighttpd2-3455/include/lighttpd/version.h
2025-12-18 05:10:29,522 - Knowledge - INFO - Fast-tracked /app/data/gemtektechnologycoltd2546/3455/b8507vs/lighttpd2-3455/include/lighttpd/pattern.h (ext=.h, size=1400)
2025-12-18 05:10:29,644 - Knowledge - INFO - Fast-tracked /app/data/gemtektechnologycoltd2546/3455/b8507vs/lighttpd2-3455/include/lighttpd/base_lua.h (ext=.h, size=556)
2025-12-18 05:10:29,926 - Knowledge - INFO - Worker kw15 processing /app/data/gemtektechnologycoltd2546/3455/b8507vs/lighttpd2-3455/include/lighttpd/http_request_parser.h
2025-12-18 05:10:30,020 - Knowledge - INFO - Progress: 37.6% | Files: 114/290 | Rate: 0.70 files/sec | Queue: 134
2025-12-18 05:10:30,357 - Knowledge - INFO - Fast-tracked /app/data/gemtektechnologycoltd2546/3455/b8507vs/lighttpd2-3455/include/lighttpd/version.h (ext=.h, size=229)
2025-12-18 05:10:30,387 - Knowledge - INFO - process ingested knowledge for /app/data/gemtektechnologycoltd2546/3455/b8507vs/lighttpd2-3455/src/main/angel_fake.c
2025-12-18 05:10:30,424 - Knowledge - INFO - [WEBSOCKET] Sent: Type=progress_update, Size: 291, Duration: 0ms
2025-12-18 05:10:30,502 - Knowledge - INFO - Worker kw10 processing /app/data/gemtektechnologycoltd2546/3455/b8507vs/lighttpd2-3455/include/lighttpd/options.h
2025-12-18 05:10:30,626 - Knowledge - INFO - Fast-tracked /app/data/gemtektechnologycoltd2546/3455/b8507vs/lighttpd2-3455/include/lighttpd/http_request_parser.h (ext=.h, size=634)
2025-12-18 05:10:30,837 - Knowledge - INFO - Worker kw8 processing /app/data/gemtektechnologycoltd2546/3455/b8507vs/lighttpd2-3455/include/lighttpd/module.h
2025-12-18 05:10:31,025 - Knowledge - INFO - [kw13] Queue=134, InProgress=0, PendingWorkers=20/20, Completed=119/290 (41.0%)
2025-12-18 05:10:31,025 - Knowledge - INFO - process ingested knowledge for /app/data/gemtektechnologycoltd2546/3455/b8507vs/lighttpd2-3455/src/main/base_lua.c
2025-12-18 05:10:31,032 - Knowledge - INFO - [kw17] Queue=134, InProgress=0, PendingWorkers=20/20, Completed=119/290 (41.0%)
2025-12-18 05:10:31,111 - Knowledge - INFO - [LLM_CALL] Completed: fetch.h:chunk1, Duration: 17024ms, PromptTokens: 2756, CompletionTokens: 924, Cost: $0.00065
2025-12-18 05:10:31,185 - Knowledge - INFO - Fast-tracked /app/data/gemtektechnologycoltd2546/3455/b8507vs/lighttpd2-3455/include/lighttpd/options.h (ext=.h, size=589)
2025-12-18 05:10:31,287 - Knowledge - INFO - Worker kw15 processing /app/data/gemtektechnologycoltd2546/3455/b8507vs/lighttpd2-3455/include/lighttpd/typedefs.h
2025-12-18 05:10:31,399 - Knowledge - INFO - [kw18] Queue=134, InProgress=0, PendingWorkers=20/20, Completed=119/290 (41.0%)
2025-12-18 05:10:31,407 - Knowledge - INFO - Worker kw8 processing /app/data/gemtektechnologycoltd2546/3455/b8507vs/lighttpd2-3455/include/lighttpd/filter.h
2025-12-18 05:10:31,553 - Knowledge - INFO - Batch sizing: calculated=5, max_allowed=10, queue=134, active_workers=20/20
2025-12-18 05:10:31,813 - Knowledge - INFO - Batch sizing: calculated=5, max_allowed=10, queue=134, active_workers=20/20
2025-12-18 05:10:31,945 - Knowledge - INFO - done ingest for /app/data/gemtektechnologycoltd2546/3455/b8507vs/lighttpd2-3455/include/lighttpd/fetch.h
2025-12-18 05:10:31,968 - Knowledge - INFO - [WEBSOCKET] Sent: Type=unknown, Size: ?, Duration: 1544ms
2025-12-18 05:10:32,098 - Knowledge - INFO - Async storage completed for 6 embeddings
2025-12-18 05:10:32,208 - Knowledge - INFO - Worker kw15 processing /app/data/gemtektechnologycoltd2546/3455/b8507vs/lighttpd2-3455/include/lighttpd/virtualrequest.h
2025-12-18 05:10:32,435 - Knowledge - INFO - Batch sizing: calculated=5, max_allowed=10, queue=134, active_workers=20/20
2025-12-18 05:10:32,626 - Knowledge - INFO - Fast-tracked /app/data/gemtektechnologycoltd2546/3455/b8507vs/lighttpd2-3455/include/lighttpd/filter.h (ext=.h, size=1497)
2025-12-18 05:10:32,768 - Knowledge - INFO - process ingested knowledge for /app/data/gemtektechnologycoltd2546/3455/b8507vs/lighttpd2-3455/src/main/stream.c
2025-12-18 05:10:33,204 - Knowledge - INFO - Progress: 40.7% | Files: 121/290 | Rate: 0.72 files/sec | Queue: 134
2025-12-18 05:10:33,226 - Knowledge - INFO - Processing batch of 5 files
2025-12-18 05:10:33,376 - Knowledge - INFO - Processing batch of 6 files
2025-12-18 05:10:33,474 - Knowledge - INFO - Worker kw15 processing /app/data/gemtektechnologycoltd2546/3455/b8507vs/lighttpd2-3455/include/lighttpd/jobqueue.h
2025-12-18 05:10:33,755 - Knowledge - INFO - Async storing batch of 6 embeddings
2025-12-18 05:10:33,764 - Knowledge - INFO - Fast-tracked /app/data/gemtektechnologycoltd2546/3455/b8507vs/lighttpd2-3455/include/lighttpd/module.h (small file (2842 bytes))
2025-12-18 05:10:33,868 - Knowledge - INFO - Processing batch of 6 files
2025-12-18 05:10:34,049 - Knowledge - INFO - Async storing batch of 5 embeddings
2025-12-18 05:10:34,079 - Knowledge - INFO - process ingested knowledge for /app/data/gemtektechnologycoltd2546/3455/b8507vs/lighttpd2-3455/src/unittests/test-range-parser.c
2025-12-18 05:10:34,178 - Knowledge - INFO - process ingested knowledge for /app/data/gemtektechnologycoltd2546/3455/b8507vs/lighttpd2-3455/src/modules/mod_flv.c
2025-12-18 05:10:34,331 - Knowledge - INFO - Fast-tracked /app/data/gemtektechnologycoltd2546/3455/b8507vs/lighttpd2-3455/include/lighttpd/jobqueue.h (ext=.h, size=1910)
2025-12-18 05:10:34,425 - Knowledge - INFO - Worker kw13 processing /app/data/gemtektechnologycoltd2546/3455/b8507vs/lighttpd2-3455/include/lighttpd/connection.h
2025-12-18 05:10:34,459 - Knowledge - INFO - Async storing batch of 5 embeddings
2025-12-18 05:10:34,502 - Knowledge - INFO - Processing batch of 5 files
2025-12-18 05:10:34,544 - Knowledge - INFO - Async storage completed for 6 embeddings
2025-12-18 05:10:34,635 - Knowledge - INFO - Fast-tracked /app/data/gemtektechnologycoltd2546/3455/b8507vs/lighttpd2-3455/include/lighttpd/collect.h (small file (2003 bytes))
2025-12-18 05:10:34,741 - Knowledge - INFO - process ingested knowledge for /app/data/gemtektechnologycoltd2546/3455/b8507vs/lighttpd2-3455/src/modules/gnutls_ocsp.c
2025-12-18 05:10:34,857 - Knowledge - INFO - Worker kw17 processing /app/data/gemtektechnologycoltd2546/3455/b8507vs/lighttpd2-3455/include/lighttpd/ip_parsers.h
2025-12-18 05:10:35,252 - Knowledge - INFO - [kw5] Queue=119, InProgress=0, PendingWorkers=20/20, Completed=124/290 (42.8%)
2025-12-18 05:10:35,295 - Knowledge - INFO - Worker kw15 processing /app/data/gemtektechnologycoltd2546/3455/b8507vs/lighttpd2-3455/include/lighttpd/angel_data.h
2025-12-18 05:10:35,469 - Knowledge - INFO - Worker kw13 processing /app/data/gemtektechnologycoltd2546/3455/b8507vs/lighttpd2-3455/include/lighttpd/http_range_parser.h
2025-12-18 05:10:35,609 - Knowledge - INFO - Worker kw18 processing /app/data/gemtektechnologycoltd2546/3455/b8507vs/lighttpd2-3455/include/lighttpd/backends.h
2025-12-18 05:10:35,722 - Knowledge - INFO - process ingested knowledge for /app/data/gemtektechnologycoltd2546/3455/b8507vs/lighttpd2-3455/src/main/filter.c
2025-12-18 05:10:35,723 - Knowledge - INFO - process ingested knowledge for /app/data/gemtektechnologycoltd2546/3455/b8507vs/lighttpd2-3455/src/main/log.c
2025-12-18 05:10:35,723 - Knowledge - INFO - [WEBSOCKET] Sent: Type=progress_update, Size: 291, Duration: 0ms
2025-12-18 05:10:35,723 - Knowledge - INFO - process ingested knowledge for /app/data/gemtektechnologycoltd2546/3455/b8507vs/lighttpd2-3455/src/unittests/test-chunk.c
2025-12-18 05:10:35,748 - Knowledge - INFO - process ingested knowledge for /app/data/gemtektechnologycoltd2546/3455/b8507vs/lighttpd2-3455/src/modules/gnutls_filter.h
2025-12-18 05:10:36,416 - Knowledge - INFO - Fast-tracked /app/data/gemtektechnologycoltd2546/3455/b8507vs/lighttpd2-3455/include/lighttpd/ip_parsers.h (ext=.h, size=741)
2025-12-18 05:10:36,533 - Knowledge - INFO - Batch sizing: calculated=5, max_allowed=10, queue=119, active_workers=20/20
2025-12-18 05:10:36,760 - Knowledge - INFO - process ingested knowledge for /app/data/gemtektechnologycoltd2546/3455/b8507vs/lighttpd2-3455/src/modules/fastcgi_stream.h
2025-12-18 05:10:36,782 - Knowledge - INFO - Fast-tracked /app/data/gemtektechnologycoltd2546/3455/b8507vs/lighttpd2-3455/include/lighttpd/http_range_parser.h (ext=.h, size=809)
2025-12-18 05:10:36,866 - Knowledge - INFO - Worker kw18 processing /app/data/gemtektechnologycoltd2546/3455/b8507vs/lighttpd2-3455/include/lighttpd/http_headers.h
2025-12-18 05:10:37,120 - Knowledge - INFO - process ingested knowledge for /app/data/gemtektechnologycoltd2546/3455/b8507vs/lighttpd2-3455/src/main/environment_lua.c
2025-12-18 05:10:37,158 - Knowledge - INFO - [LLM_CALL] Completed: worker.h:chunk1, Duration: 20452ms, PromptTokens: 3258, CompletionTokens: 839, Cost: $0.00066
2025-12-18 05:10:37,285 - Knowledge - INFO - process ingested knowledge for /app/data/gemtektechnologycoltd2546/3455/b8507vs/lighttpd2-3455/src/unittests/test-utils.c
2025-12-18 05:10:37,445 - Knowledge - INFO - process ingested knowledge for /app/data/gemtektechnologycoltd2546/3455/b8507vs/lighttpd2-3455/src/modules/mod_openssl.c
2025-12-18 05:10:37,448 - Knowledge - INFO - Worker kw17 processing /app/data/gemtektechnologycoltd2546/3455/b8507vs/lighttpd2-3455/include/lighttpd/tasklet.h
2025-12-18 05:10:37,713 - Knowledge - INFO - process ingested knowledge for /app/data/gemtektechnologycoltd2546/3455/b8507vs/lighttpd2-3455/src/modules/mod_proxy.c
2025-12-18 05:10:37,741 - Knowledge - INFO - Worker kw13 processing /app/data/gemtektechnologycoltd2546/3455/b8507vs/lighttpd2-3455/include/lighttpd/radix.h
2025-12-18 05:10:37,857 - Knowledge - INFO - Worker kw18 processing /app/data/gemtektechnologycoltd2546/3455/b8507vs/lighttpd2-3455/include/lighttpd/profiler.h
2025-12-18 05:10:37,947 - Knowledge - INFO - Async storage completed for 6 embeddings
2025-12-18 05:10:37,965 - Knowledge - INFO - process ingested knowledge for /app/data/gemtektechnologycoltd2546/3455/b8507vs/lighttpd2-3455/src/main/connection_tcp.c
2025-12-18 05:10:38,044 - Knowledge - INFO - done ingest for /app/data/gemtektechnologycoltd2546/3455/b8507vs/lighttpd2-3455/include/lighttpd/worker.h
2025-12-18 05:10:38,044 - Knowledge - INFO - [LLM_CALL] Completed: angel_server.c:chunk1, Duration: 41459ms, PromptTokens: 8600, CompletionTokens: 1764, Cost: $0.00157
2025-12-18 05:10:38,120 - Knowledge - INFO - process ingested knowledge for /app/data/gemtektechnologycoltd2546/3455/b8507vs/lighttpd2-3455/src/angel/angel_value.c
2025-12-18 05:10:38,254 - Knowledge - INFO - process ingested knowledge for /app/data/gemtektechnologycoltd2546/3455/b8507vs/lighttpd2-3455/src/modules/mod_accesslog.c
2025-12-18 05:10:38,372 - Knowledge - INFO - Fast-tracked /app/data/gemtektechnologycoltd2546/3455/b8507vs/lighttpd2-3455/include/lighttpd/tasklet.h (ext=.h, size=1465)
2025-12-18 05:10:38,484 - Knowledge - INFO - process ingested knowledge for /app/data/gemtektechnologycoltd2546/3455/b8507vs/lighttpd2-3455/src/modules/openssl_filter.c
2025-12-18 05:10:38,600 - Knowledge - INFO - Fast-tracked /app/data/gemtektechnologycoltd2546/3455/b8507vs/lighttpd2-3455/include/lighttpd/radix.h (ext=.h, size=832)
2025-12-18 05:10:38,684 - Knowledge - INFO - Fast-tracked /app/data/gemtektechnologycoltd2546/3455/b8507vs/lighttpd2-3455/include/lighttpd/profiler.h (ext=.h, size=878)
2025-12-18 05:10:38,895 - Knowledge - INFO - process ingested knowledge for /app/data/gemtektechnologycoltd2546/3455/b8507vs/lighttpd2-3455/src/main/collect.c
2025-12-18 05:10:39,061 - Knowledge - INFO - done ingest for /app/data/gemtektechnologycoltd2546/3455/b8507vs/lighttpd2-3455/src/angel/angel_server.c
2025-12-18 05:10:39,107 - Knowledge - INFO - [kw7] Queue=114, InProgress=0, PendingWorkers=20/20, Completed=127/290 (43.8%)
2025-12-18 05:10:39,108 - Knowledge - INFO - [LLM_CALL] Completed: log.h:chunk1, Duration: 8025ms, PromptTokens: 5618, CompletionTokens: 426, Cost: $0.00073
2025-12-18 05:10:39,248 - Knowledge - INFO - process ingested knowledge for /app/data/gemtektechnologycoltd2546/3455/b8507vs/lighttpd2-3455/src/angel/angel_main.c
2025-12-18 05:10:39,380 - Knowledge - INFO - process ingested knowledge for /app/data/gemtektechnologycoltd2546/3455/b8507vs/lighttpd2-3455/src/modules/mod_status.c
2025-12-18 05:10:39,479 - Knowledge - INFO - Worker kw17 processing /app/data/gemtektechnologycoltd2546/3455/b8507vs/lighttpd2-3455/include/lighttpd/condition_lua.h
2025-12-18 05:10:39,595 - Knowledge - INFO - process ingested knowledge for /app/data/gemtektechnologycoltd2546/3455/b8507vs/lighttpd2-3455/src/modules/mod_scgi.c
2025-12-18 05:10:39,683 - Knowledge - INFO - Worker kw13 processing /app/data/gemtektechnologycoltd2546/3455/b8507vs/lighttpd2-3455/include/lighttpd/angel_config_parser.h
2025-12-18 05:10:39,775 - Knowledge - INFO - Worker kw18 processing /app/data/gemtektechnologycoltd2546/3455/b8507vs/lighttpd2-3455/include/lighttpd/proxy_protocol.h
2025-12-18 05:10:39,985 - Knowledge - INFO - process ingested knowledge for /app/data/gemtektechnologycoltd2546/3455/b8507vs/lighttpd2-3455/src/main/value_lua.c
2025-12-18 05:10:40,205 - Knowledge - INFO - Batch sizing: calculated=5, max_allowed=10, queue=114, active_workers=20/20
2025-12-18 05:10:40,342 - Knowledge - INFO - done ingest for /app/data/gemtektechnologycoltd2546/3455/b8507vs/lighttpd2-3455/include/lighttpd/log.h
2025-12-18 05:10:40,349 - Knowledge - INFO - [WEBSOCKET] Sent: Type=unknown, Size: ?, Duration: 4626ms
2025-12-18 05:10:40,718 - Knowledge - INFO - Fast-tracked /app/data/gemtektechnologycoltd2546/3455/b8507vs/lighttpd2-3455/include/lighttpd/condition_lua.h (ext=.h, size=415)
2025-12-18 05:10:40,847 - Knowledge - INFO - process ingested knowledge for /app/data/gemtektechnologycoltd2546/3455/b8507vs/lighttpd2-3455/src/modules/mod_vhost.c
2025-12-18 05:10:40,868 - Knowledge - INFO - process ingested knowledge for /app/data/gemtektechnologycoltd2546/3455/b8507vs/lighttpd2-3455/src/modules/mod_balance.c
2025-12-18 05:10:41,008 - Knowledge - INFO - Fast-tracked /app/data/gemtektechnologycoltd2546/3455/b8507vs/lighttpd2-3455/include/lighttpd/angel_config_parser.h (ext=.h, size=446)
2025-12-18 05:10:41,120 - Knowledge - INFO - Fast-tracked /app/data/gemtektechnologycoltd2546/3455/b8507vs/lighttpd2-3455/include/lighttpd/proxy_protocol.h (ext=.h, size=1547)
2025-12-18 05:10:41,544 - Knowledge - INFO - Progress: 43.1% | Files: 127/290 | Rate: 0.74 files/sec | Queue: 114
2025-12-18 05:10:41,588 - Knowledge - INFO - Async storing batch of 5 embeddings
2025-12-18 05:10:41,627 - Knowledge - INFO - [LLM_CALL] Completed: core_lua.h:chunk1, Duration: 23226ms, PromptTokens: 5810, CompletionTokens: 938, Cost: $0.00096
2025-12-18 05:10:41,825 - Knowledge - INFO - Worker kw17 processing /app/data/gemtektechnologycoltd2546/3455/b8507vs/lighttpd2-3455/include/lighttpd/base.h
2025-12-18 05:10:42,325 - Knowledge - INFO - Worker kw13 processing /app/data/gemtektechnologycoltd2546/3455/b8507vs/lighttpd2-3455/include/lighttpd/angel_log.h
2025-12-18 05:10:42,442 - Knowledge - INFO - Worker kw18 processing /app/data/gemtektechnologycoltd2546/3455/b8507vs/lighttpd2-3455/include/lighttpd/stat_cache.h
2025-12-18 05:10:43,037 - Knowledge - INFO - Worker kw5 processing /app/data/gemtektechnologycoltd2546/3455/b8507vs/lighttpd2-3455/include/lighttpd/plugin.h
2025-12-18 05:10:43,159 - Knowledge - INFO - done ingest for /app/data/gemtektechnologycoltd2546/3455/b8507vs/lighttpd2-3455/include/lighttpd/core_lua.h
2025-12-18 05:10:43,167 - Knowledge - INFO - [kw12] Queue=109, InProgress=0, PendingWorkers=20/20, Completed=128/290 (44.1%)
2025-12-18 05:10:43,194 - Knowledge - INFO - Async storing batch of 6 embeddings
2025-12-18 05:10:43,218 - Knowledge - INFO - [LLM_CALL] Completed: angel_plugin.c:chunk1, Duration: 65441ms, PromptTokens: 5594, CompletionTokens: 877, Cost: $0.00091
2025-12-18 05:10:43,251 - Knowledge - INFO - Fast-tracked /app/data/gemtektechnologycoltd2546/3455/b8507vs/lighttpd2-3455/include/lighttpd/base.h (ext=.h, size=1457)
2025-12-18 05:10:43,633 - Knowledge - INFO - Worker kw5 processing /app/data/gemtektechnologycoltd2546/3455/b8507vs/lighttpd2-3455/include/lighttpd/url_parser.h
2025-12-18 05:10:43,842 - Knowledge - INFO - Batch sizing: calculated=5, max_allowed=10, queue=109, active_workers=20/20
2025-12-18 05:10:44,040 - Knowledge - INFO - Worker kw7 processing /app/data/gemtektechnologycoltd2546/3455/b8507vs/lighttpd2-3455/include/lighttpd/server.h
2025-12-18 05:10:44,157 - Knowledge - INFO - done ingest for /app/data/gemtektechnologycoltd2546/3455/b8507vs/lighttpd2-3455/src/angel/angel_plugin.c
2025-12-18 05:10:44,166 - Knowledge - INFO - Processing batch of 6 files
2025-12-18 05:10:44,253 - Knowledge - INFO - Worker kw17 processing /app/data/gemtektechnologycoltd2546/3455/b8507vs/lighttpd2-3455/include/lighttpd/hedley.h
2025-12-18 05:10:44,313 - Knowledge - INFO - [kw11] Queue=109, InProgress=0, PendingWorkers=20/20, Completed=129/290 (44.5%)
2025-12-18 05:10:44,318 - Knowledge - INFO - Fast-tracked /app/data/gemtektechnologycoltd2546/3455/b8507vs/lighttpd2-3455/include/lighttpd/angel_data.h (small file (2520 bytes))
2025-12-18 05:10:44,388 - Knowledge - INFO - Fast-tracked /app/data/gemtektechnologycoltd2546/3455/b8507vs/lighttpd2-3455/include/lighttpd/url_parser.h (ext=.h, size=505)
2025-12-18 05:10:44,599 - Knowledge - INFO - Worker kw7 processing /app/data/gemtektechnologycoltd2546/3455/b8507vs/lighttpd2-3455/include/lighttpd/sys_memory.h
2025-12-18 05:10:44,886 - Knowledge - INFO - [WEBSOCKET] Sent: Type=progress_update, Size: 292, Duration: 0ms
2025-12-18 05:10:44,894 - Knowledge - INFO - [kw14] Queue=109, InProgress=0, PendingWorkers=20/20, Completed=131/290 (45.2%)
2025-12-18 05:10:44,900 - Knowledge - INFO - process ingested knowledge for /app/data/gemtektechnologycoltd2546/3455/b8507vs/lighttpd2-3455/src/modules/mod_dirlist.c
2025-12-18 05:10:44,902 - Knowledge - INFO - [kw16] Queue=109, InProgress=0, PendingWorkers=20/20, Completed=131/290 (45.2%)
2025-12-18 05:10:45,157 - Knowledge - INFO - Split /app/data/gemtektechnologycoltd2546/3455/b8507vs/lighttpd2-3455/include/lighttpd/hedley.h (77414 bytes) into 3 chunks of ~32KB
2025-12-18 05:10:45,176 - Knowledge - INFO - Batch sizing: calculated=5, max_allowed=10, queue=109, active_workers=20/20
2025-12-18 05:10:45,334 - Knowledge - INFO - Async storage completed for 6 embeddings
2025-12-18 05:10:45,460 - Knowledge - INFO - Worker kw5 processing /app/data/gemtektechnologycoltd2546/3455/b8507vs/lighttpd2-3455/include/lighttpd/response.h
2025-12-18 05:10:45,603 - Knowledge - INFO - Fast-tracked /app/data/gemtektechnologycoltd2546/3455/b8507vs/lighttpd2-3455/include/lighttpd/sys_memory.h (ext=.h, size=199)
2025-12-18 05:10:45,706 - Knowledge - INFO - Async storing batch of 6 embeddings
2025-12-18 05:10:45,706 - Knowledge - INFO - [LLM_CALL] Completed: angel_connection.h:chunk1, Duration: 12431ms, PromptTokens: 3534, CompletionTokens: 710, Cost: $0.00064
2025-12-18 05:10:45,783 - Knowledge - INFO - Batch sizing: calculated=5, max_allowed=10, queue=109, active_workers=20/20
2025-12-18 05:10:46,011 - Knowledge - INFO - Batch sizing: calculated=5, max_allowed=10, queue=109, active_workers=20/20
2025-12-18 05:10:46,429 - Knowledge - INFO - process ingested knowledge for /app/data/gemtektechnologycoltd2546/3455/b8507vs/lighttpd2-3455/src/modules/mod_memcached.c
2025-12-18 05:10:46,440 - Knowledge - INFO - Fast-tracked /app/data/gemtektechnologycoltd2546/3455/b8507vs/lighttpd2-3455/include/lighttpd/angel_log.h (small file (2782 bytes))
2025-12-18 05:10:46,524 - Knowledge - INFO - Fast-tracked /app/data/gemtektechnologycoltd2546/3455/b8507vs/lighttpd2-3455/include/lighttpd/response.h (ext=.h, size=543)
2025-12-18 05:10:46,583 - Knowledge - INFO - Worker kw7 processing /app/data/gemtektechnologycoltd2546/3455/b8507vs/lighttpd2-3455/include/lighttpd/plugin_core.h
2025-12-18 05:10:46,687 - Knowledge - INFO - Fast-tracked /app/data/gemtektechnologycoltd2546/3455/b8507vs/lighttpd2-3455/include/lighttpd/http_headers.h (small file (3058 bytes))
2025-12-18 05:10:46,694 - Knowledge - INFO - Worker kw12 processing /app/data/gemtektechnologycoltd2546/3455/b8507vs/lighttpd2-3455/include/lighttpd/angel.h
2025-12-18 05:10:46,844 - Knowledge - INFO - done ingest for /app/data/gemtektechnologycoltd2546/3455/b8507vs/lighttpd2-3455/include/lighttpd/angel_connection.h
2025-12-18 05:10:46,895 - Knowledge - INFO - [WEBSOCKET] Sent: Type=unknown, Size: ?, Duration: 2008ms
2025-12-18 05:10:47,236 - Knowledge - INFO - process ingested knowledge for /app/data/gemtektechnologycoltd2546/3455/b8507vs/lighttpd2-3455/src/modules/mod_debug.c
2025-12-18 05:10:47,297 - Knowledge - INFO - Async storage completed for 6 embeddings
2025-12-18 05:10:47,418 - Knowledge - INFO - Worker kw5 processing /app/data/gemtektechnologycoltd2546/3455/b8507vs/lighttpd2-3455/include/lighttpd/filter_chunked.h
2025-12-18 05:10:47,537 - Knowledge - INFO - Fast-tracked /app/data/gemtektechnologycoltd2546/3455/b8507vs/lighttpd2-3455/include/lighttpd/plugin_core.h (ext=.h, size=1122)
2025-12-18 05:10:47,843 - Knowledge - INFO - Fast-tracked /app/data/gemtektechnologycoltd2546/3455/b8507vs/lighttpd2-3455/include/lighttpd/angel.h (ext=.h, size=939)
2025-12-18 05:10:48,035 - Knowledge - INFO - Progress: 45.2% | Files: 134/290 | Rate: 0.74 files/sec | Queue: 89
2025-12-18 05:10:48,047 - Knowledge - INFO - Async storing batch of 6 embeddings
2025-12-18 05:10:48,047 - Knowledge - INFO - [kw19] Queue=89, InProgress=0, PendingWorkers=20/20, Completed=136/290 (46.9%)
2025-12-18 05:10:48,102 - Knowledge - INFO - Async storing batch of 6 embeddings
2025-12-18 05:10:48,132 - Knowledge - INFO - Async storing batch of 6 embeddings
2025-12-18 05:10:48,143 - Knowledge - INFO - [kw3] Queue=89, InProgress=0, PendingWorkers=20/20, Completed=137/290 (47.2%)
2025-12-18 05:10:48,159 - Knowledge - INFO - process ingested knowledge for /app/data/gemtektechnologycoltd2546/3455/b8507vs/lighttpd2-3455/src/modules/gnutls_ocsp.h
2025-12-18 05:10:48,160 - Knowledge - INFO - [WEBSOCKET] Sent: Type=progress_update, Size: 293, Duration: 0ms
2025-12-18 05:10:48,441 - Knowledge - INFO - Fast-tracked /app/data/gemtektechnologycoltd2546/3455/b8507vs/lighttpd2-3455/include/lighttpd/filter_chunked.h (ext=.h, size=524)
2025-12-18 05:10:48,555 - Knowledge - INFO - Worker kw7 processing /app/data/gemtektechnologycoltd2546/3455/b8507vs/lighttpd2-3455/include/lighttpd/config_lua.h
2025-12-18 05:10:48,761 - Knowledge - INFO - Worker kw12 processing /app/data/gemtektechnologycoltd2546/3455/b8507vs/lighttpd2-3455/include/lighttpd/condition.h
2025-12-18 05:10:48,860 - Knowledge - INFO - [kw20] Queue=89, InProgress=0, PendingWorkers=20/20, Completed=137/290 (47.2%)
2025-12-18 05:10:49,057 - Knowledge - INFO - Worker kw11 processing /app/data/gemtektechnologycoltd2546/3455/b8507vs/lighttpd2-3455/include/lighttpd/angel_server.h
2025-12-18 05:10:49,247 - Knowledge - INFO - Batch sizing: calculated=4, max_allowed=10, queue=89, active_workers=20/20
2025-12-18 05:10:49,439 - Knowledge - INFO - Worker kw16 processing /app/data/gemtektechnologycoltd2546/3455/b8507vs/lighttpd2-3455/include/lighttpd/etag.h
2025-12-18 05:10:49,625 - Knowledge - INFO - Worker kw14 processing /app/data/gemtektechnologycoltd2546/3455/b8507vs/lighttpd2-3455/include/lighttpd/chunk_parser.h
2025-12-18 05:10:49,742 - Knowledge - INFO - Batch sizing: calculated=4, max_allowed=10, queue=89, active_workers=20/20
2025-12-18 05:10:49,926 - Knowledge - INFO - process ingested knowledge for /app/data/gemtektechnologycoltd2546/3455/b8507vs/lighttpd2-3455/src/modules/mod_limit.c
2025-12-18 05:10:50,201 - Knowledge - INFO - [WEBSOCKET] Sent: Type=unknown, Size: ?, Duration: 2042ms
2025-12-18 05:10:50,315 - Knowledge - INFO - Worker kw5 processing /app/data/gemtektechnologycoltd2546/3455/b8507vs/lighttpd2-3455/include/lighttpd/memcached.h
2025-12-18 05:10:50,586 - Knowledge - INFO - Fast-tracked /app/data/gemtektechnologycoltd2546/3455/b8507vs/lighttpd2-3455/include/lighttpd/config_lua.h (ext=.h, size=441)
2025-12-18 05:10:50,733 - Knowledge - INFO - Async storage completed for 5 embeddings
2025-12-18 05:10:50,790 - Knowledge - INFO - Worker kw12 processing /app/data/gemtektechnologycoltd2546/3455/b8507vs/lighttpd2-3455/include/lighttpd/encoding.h
2025-12-18 05:10:50,823 - Knowledge - INFO - Batch sizing: calculated=4, max_allowed=10, queue=89, active_workers=20/20
2025-12-18 05:10:50,889 - Knowledge - INFO - Async storage completed for 5 embeddings
2025-12-18 05:10:50,990 - Knowledge - INFO - Worker kw11 processing /app/data/gemtektechnologycoltd2546/3455/b8507vs/lighttpd2-3455/include/lighttpd/angel_plugin.h
2025-12-18 05:10:51,294 - Knowledge - INFO - Fast-tracked /app/data/gemtektechnologycoltd2546/3455/b8507vs/lighttpd2-3455/include/lighttpd/etag.h (ext=.h, size=587)
2025-12-18 05:10:51,451 - Knowledge - INFO - Fast-tracked /app/data/gemtektechnologycoltd2546/3455/b8507vs/lighttpd2-3455/include/lighttpd/chunk_parser.h (ext=.h, size=1507)
2025-12-18 05:10:51,682 - Knowledge - INFO - process ingested knowledge for /app/data/gemtektechnologycoltd2546/3455/b8507vs/lighttpd2-3455/src/modules/openssl_filter.h
2025-12-18 05:10:51,899 - Knowledge - INFO - Progress: 47.2% | Files: 140/290 | Rate: 0.76 files/sec | Queue: 81
2025-12-18 05:10:51,985 - Knowledge - INFO - Async storing batch of 5 embeddings
2025-12-18 05:10:51,991 - Knowledge - INFO - Async storing batch of 6 embeddings
2025-12-18 05:10:51,996 - Knowledge - INFO - Processing batch of 5 files
2025-12-18 05:10:52,116 - Knowledge - INFO - Worker kw7 processing /app/data/gemtektechnologycoltd2546/3455/b8507vs/lighttpd2-3455/include/lighttpd/sys_socket.h
2025-12-18 05:10:52,158 - Knowledge - INFO - Processing batch of 5 files
2025-12-18 05:10:52,209 - Knowledge - INFO - Processing batch of 5 files
2025-12-18 05:10:52,454 - Knowledge - INFO - Fast-tracked /app/data/gemtektechnologycoltd2546/3455/b8507vs/lighttpd2-3455/include/lighttpd/encoding.h (ext=.h, size=519)
2025-12-18 05:10:52,600 - Knowledge - INFO - Async storing batch of 5 embeddings
2025-12-18 05:10:52,869 - Knowledge - INFO - Worker kw11 processing /app/data/gemtektechnologycoltd2546/3455/b8507vs/lighttpd2-3455/include/lighttpd/events.h
2025-12-18 05:10:53,065 - Knowledge - INFO - Worker kw16 processing /app/data/gemtektechnologycoltd2546/3455/b8507vs/lighttpd2-3455/include/lighttpd/mempool.h
2025-12-18 05:10:53,224 - Knowledge - INFO - Worker kw14 processing /app/data/gemtektechnologycoltd2546/3455/b8507vs/lighttpd2-3455/include/lighttpd/angel_base.h
2025-12-18 05:10:53,649 - Knowledge - INFO - [kw1] Queue=77, InProgress=0, PendingWorkers=20/20, Completed=141/290 (48.6%)
2025-12-18 05:10:53,724 - Knowledge - INFO - Worker kw19 processing /app/data/gemtektechnologycoltd2546/3455/b8507vs/lighttpd2-3455/include/lighttpd/idlist.h
2025-12-18 05:10:53,806 - Knowledge - INFO - Worker kw3 processing /app/data/gemtektechnologycoltd2546/3455/b8507vs/lighttpd2-3455/doc/mod_lua.xml
2025-12-18 05:10:54,016 - Knowledge - INFO - process ingested knowledge for /app/data/gemtektechnologycoltd2546/3455/b8507vs/lighttpd2-3455/include/lighttpd/http_response_parser.h
2025-12-18 05:10:54,046 - Knowledge - INFO - Fast-tracked /app/data/gemtektechnologycoltd2546/3455/b8507vs/lighttpd2-3455/include/lighttpd/memcached.h (small file (2093 bytes))
2025-12-18 05:10:54,321 - Knowledge - INFO - process ingested knowledge for /app/data/gemtektechnologycoltd2546/3455/b8507vs/lighttpd2-3455/include/lighttpd/value_lua.h
2025-12-18 05:10:54,433 - Knowledge - INFO - process ingested knowledge for /app/data/gemtektechnologycoltd2546/3455/b8507vs/lighttpd2-3455/include/lighttpd/mimetype.h
2025-12-18 05:10:54,613 - Knowledge - INFO - Worker kw12 processing /app/data/gemtektechnologycoltd2546/3455/b8507vs/lighttpd2-3455/include/lighttpd/angel_plugin_core.h
2025-12-18 05:10:54,729 - Knowledge - INFO - [LLM_CALL] Completed: angel_plugin_core.c:chunk1, Duration: 60900ms, PromptTokens: 19464, CompletionTokens: 2260, Cost: $0.00285
2025-12-18 05:10:54,754 - Knowledge - INFO - Worker kw20 processing /app/data/gemtektechnologycoltd2546/3455/b8507vs/lighttpd2-3455/doc/mod_auth.xml
2025-12-18 05:10:54,917 - Knowledge - INFO - Worker kw11 processing /app/data/gemtektechnologycoltd2546/3455/b8507vs/lighttpd2-3455/include/lighttpd/filter_buffer_on_disk.h
2025-12-18 05:10:55,085 - Knowledge - INFO - Fast-tracked /app/data/gemtektechnologycoltd2546/3455/b8507vs/lighttpd2-3455/include/lighttpd/mempool.h (ext=.h, size=586)
2025-12-18 05:10:55,323 - Knowledge - INFO - Fast-tracked /app/data/gemtektechnologycoltd2546/3455/b8507vs/lighttpd2-3455/include/lighttpd/angel_base.h (ext=.h, size=512)
2025-12-18 05:10:55,398 - Knowledge - INFO - Batch sizing: calculated=4, max_allowed=10, queue=77, active_workers=20/20
2025-12-18 05:10:55,588 - Knowledge - INFO - Fast-tracked /app/data/gemtektechnologycoltd2546/3455/b8507vs/lighttpd2-3455/include/lighttpd/idlist.h (ext=.h, size=1239)
2025-12-18 05:10:55,750 - Knowledge - INFO - Fast-tracked /app/data/gemtektechnologycoltd2546/3455/b8507vs/lighttpd2-3455/doc/mod_lua.xml (ext=.xml, size=3149)
2025-12-18 05:10:55,941 - Knowledge - INFO - Fast-tracked /app/data/gemtektechnologycoltd2546/3455/b8507vs/lighttpd2-3455/include/lighttpd/sys_socket.h (small file (2873 bytes))
2025-12-18 05:10:56,092 - Knowledge - INFO - Async storage completed for 5 embeddings
2025-12-18 05:10:56,251 - Knowledge - INFO - process ingested knowledge for /app/data/gemtektechnologycoltd2546/3455/b8507vs/lighttpd2-3455/include/lighttpd/config_parser.h
2025-12-18 05:10:56,280 - Knowledge - INFO - process ingested knowledge for /app/data/gemtektechnologycoltd2546/3455/b8507vs/lighttpd2-3455/include/lighttpd/throttle.h
2025-12-18 05:10:56,738 - Knowledge - INFO - process ingested knowledge for /app/data/gemtektechnologycoltd2546/3455/b8507vs/lighttpd2-3455/include/lighttpd/fetch.h
2025-12-18 05:10:56,866 - Knowledge - INFO - Fast-tracked /app/data/gemtektechnologycoltd2546/3455/b8507vs/lighttpd2-3455/include/lighttpd/angel_plugin_core.h (ext=.h, size=173)
2025-12-18 05:10:57,011 - Knowledge - INFO - done ingest for /app/data/gemtektechnologycoltd2546/3455/b8507vs/lighttpd2-3455/src/angel/angel_plugin_core.c
2025-12-18 05:10:57,390 - Knowledge - INFO - Fast-tracked /app/data/gemtektechnologycoltd2546/3455/b8507vs/lighttpd2-3455/doc/mod_auth.xml (ext=.xml, size=5712)
2025-12-18 05:10:57,484 - Knowledge - INFO - Fast-tracked /app/data/gemtektechnologycoltd2546/3455/b8507vs/lighttpd2-3455/include/lighttpd/filter_buffer_on_disk.h (ext=.h, size=533)
2025-12-18 05:10:57,549 - Knowledge - INFO - [kw6] Queue=77, InProgress=0, PendingWorkers=20/20, Completed=141/290 (48.6%)
2025-12-18 05:10:57,595 - Knowledge - INFO - Worker kw16 processing /app/data/gemtektechnologycoltd2546/3455/b8507vs/lighttpd2-3455/include/lighttpd/chunk.h
2025-12-18 05:10:57,777 - Knowledge - INFO - Worker kw14 processing /app/data/gemtektechnologycoltd2546/3455/b8507vs/lighttpd2-3455/include/lighttpd/actions.h
2025-12-18 05:10:57,912 - Knowledge - INFO - Async storing batch of 6 embeddings
2025-12-18 05:10:58,081 - Knowledge - INFO - Worker kw19 processing /app/data/gemtektechnologycoltd2546/3455/b8507vs/lighttpd2-3455/diff-dist-git.sh
2025-12-18 05:10:58,255 - Knowledge - INFO - Worker kw3 processing /app/data/gemtektechnologycoltd2546/3455/b8507vs/lighttpd2-3455/doc/mod_rewrite.xml
2025-12-18 05:10:58,416 - Knowledge - INFO - Async storage completed for 6 embeddings
2025-12-18 05:10:58,744 - Knowledge - INFO - process ingested knowledge for /app/data/gemtektechnologycoltd2546/3455/b8507vs/lighttpd2-3455/include/lighttpd/log.h
2025-12-18 05:10:58,912 - Knowledge - INFO - process ingested knowledge for /app/data/gemtektechnologycoltd2546/3455/b8507vs/lighttpd2-3455/include/lighttpd/version.h
2025-12-18 05:10:59,054 - Knowledge - INFO - process ingested knowledge for /app/data/gemtektechnologycoltd2546/3455/b8507vs/lighttpd2-3455/include/lighttpd/network.h
2025-12-18 05:10:59,347 - Knowledge - INFO - Worker kw12 processing /app/data/gemtektechnologycoltd2546/3455/b8507vs/lighttpd2-3455/include/lighttpd/value.h
2025-12-18 05:10:59,652 - Knowledge - INFO - Worker kw20 processing /app/data/gemtektechnologycoltd2546/3455/b8507vs/lighttpd2-3455/doc/mod_proxy.xml
2025-12-18 05:10:59,787 - Knowledge - INFO - Worker kw11 processing /app/data/gemtektechnologycoltd2546/3455/b8507vs/lighttpd2-3455/include/lighttpd/environment.h
2025-12-18 05:10:59,902 - Knowledge - INFO - Batch sizing: calculated=4, max_allowed=10, queue=77, active_workers=20/20
2025-12-18 05:11:00,149 - Knowledge - INFO - Worker kw16 processing /app/data/gemtektechnologycoltd2546/3455/b8507vs/lighttpd2-3455/include/lighttpd/request.h
2025-12-18 05:11:00,285 - Knowledge - INFO - Worker kw14 processing /app/data/gemtektechnologycoltd2546/3455/b8507vs/lighttpd2-3455/include/lighttpd/utils.h
2025-12-18 05:11:00,412 - Knowledge - INFO - Worker kw1 processing /app/data/gemtektechnologycoltd2546/3455/b8507vs/lighttpd2-3455/doc/mod_balance.xml
2025-12-18 05:11:00,526 - Knowledge - INFO - Fast-tracked /app/data/gemtektechnologycoltd2546/3455/b8507vs/lighttpd2-3455/diff-dist-git.sh (ext=.sh, size=724)
2025-12-18 05:11:00,538 - Knowledge - INFO - Processing batch of 5 files
2025-12-18 05:11:00,697 - Knowledge - INFO - Fast-tracked /app/data/gemtektechnologycoltd2546/3455/b8507vs/lighttpd2-3455/doc/mod_rewrite.xml (ext=.xml, size=4111)
2025-12-18 05:11:01,110 - Knowledge - INFO - process ingested knowledge for /app/data/gemtektechnologycoltd2546/3455/b8507vs/lighttpd2-3455/include/lighttpd/actions_lua.h
2025-12-18 05:11:01,198 - Knowledge - INFO - process ingested knowledge for /app/data/gemtektechnologycoltd2546/3455/b8507vs/lighttpd2-3455/include/lighttpd/module.h
2025-12-18 05:11:01,310 - Knowledge - INFO - process ingested knowledge for /app/data/gemtektechnologycoltd2546/3455/b8507vs/lighttpd2-3455/include/lighttpd/worker.h
2025-12-18 05:11:01,768 - Knowledge - INFO - Fast-tracked /app/data/gemtektechnologycoltd2546/3455/b8507vs/lighttpd2-3455/doc/mod_proxy.xml (ext=.xml, size=654)
2025-12-18 05:11:02,142 - Knowledge - INFO - Fast-tracked /app/data/gemtektechnologycoltd2546/3455/b8507vs/lighttpd2-3455/include/lighttpd/angel_server.h (small file (2452 bytes))
2025-12-18 05:11:02,180 - Knowledge - INFO - Async storing batch of 6 embeddings
2025-12-18 05:11:02,312 - Knowledge - INFO - [LLM_CALL] Completed: stream.h:chunk1, Duration: 25156ms, PromptTokens: 3442, CompletionTokens: 1436, Cost: $0.00092
2025-12-18 05:11:02,337 - Knowledge - INFO - Fast-tracked /app/data/gemtektechnologycoltd2546/3455/b8507vs/lighttpd2-3455/include/lighttpd/request.h (ext=.h, size=1340)
2025-12-18 05:11:02,700 - Knowledge - INFO - Worker kw14 processing /app/data/gemtektechnologycoltd2546/3455/b8507vs/lighttpd2-3455/include/lighttpd/settings.h
2025-12-18 05:11:02,824 - Knowledge - INFO - Fast-tracked /app/data/gemtektechnologycoltd2546/3455/b8507vs/lighttpd2-3455/doc/mod_balance.xml (ext=.xml, size=1672)
2025-12-18 05:11:03,029 - Knowledge - INFO - Worker kw19 processing /app/data/gemtektechnologycoltd2546/3455/b8507vs/lighttpd2-3455/packdist.sh
2025-12-18 05:11:03,128 - Knowledge - INFO - process ingested knowledge for /app/data/gemtektechnologycoltd2546/3455/b8507vs/lighttpd2-3455/src/angel/angel_plugin.c
2025-12-18 05:11:03,357 - Knowledge - INFO - Worker kw3 processing /app/data/gemtektechnologycoltd2546/3455/b8507vs/lighttpd2-3455/doc/mod_redirect.xml
2025-12-18 05:11:03,540 - Knowledge - INFO - process ingested knowledge for /app/data/gemtektechnologycoltd2546/3455/b8507vs/lighttpd2-3455/include/lighttpd/pattern.h
2025-12-18 05:11:03,678 - Knowledge - INFO - process ingested knowledge for /app/data/gemtektechnologycoltd2546/3455/b8507vs/lighttpd2-3455/include/lighttpd/filter.h
2025-12-18 05:11:03,790 - Knowledge - INFO - process ingested knowledge for /app/data/gemtektechnologycoltd2546/3455/b8507vs/lighttpd2-3455/include/lighttpd/core_lua.h
2025-12-18 05:11:03,922 - Knowledge - INFO - Worker kw20 processing /app/data/gemtektechnologycoltd2546/3455/b8507vs/lighttpd2-3455/doc/style.css
2025-12-18 05:11:04,332 - Knowledge - INFO - Worker kw6 processing /app/data/gemtektechnologycoltd2546/3455/b8507vs/lighttpd2-3455/doc/mod_openssl.xml
2025-12-18 05:11:04,350 - Knowledge - INFO - done ingest for /app/data/gemtektechnologycoltd2546/3455/b8507vs/lighttpd2-3455/include/lighttpd/stream.h
2025-12-18 05:11:04,382 - Knowledge - INFO - [LLM_CALL] Completed: connection.h:chunk1, Duration: 20209ms, PromptTokens: 2872, CompletionTokens: 827, Cost: $0.00062
2025-12-18 05:11:04,508 - Knowledge - INFO - Worker kw16 processing /app/data/gemtektechnologycoltd2546/3455/b8507vs/lighttpd2-3455/include/lighttpd/stream_http_response.h
2025-12-18 05:11:04,748 - Knowledge - INFO - Worker kw1 processing /app/data/gemtektechnologycoltd2546/3455/b8507vs/lighttpd2-3455/doc/mod_throttle.xml
2025-12-18 05:11:04,904 - Knowledge - INFO - Fast-tracked /app/data/gemtektechnologycoltd2546/3455/b8507vs/lighttpd2-3455/packdist.sh (ext=.sh, size=1302)
2025-12-18 05:11:05,029 - Knowledge - INFO - process ingested knowledge for /app/data/gemtektechnologycoltd2546/3455/b8507vs/lighttpd2-3455/src/angel/angel_plugin_core.c
2025-12-18 05:11:05,206 - Knowledge - INFO - Fast-tracked /app/data/gemtektechnologycoltd2546/3455/b8507vs/lighttpd2-3455/doc/mod_redirect.xml (ext=.xml, size=2625)
2025-12-18 05:11:05,818 - Knowledge - INFO - Async storage completed for 6 embeddings
2025-12-18 05:11:05,861 - Knowledge - INFO - Fast-tracked /app/data/gemtektechnologycoltd2546/3455/b8507vs/lighttpd2-3455/doc/style.css (ext=.css, size=3094)
2025-12-18 05:11:06,025 - Knowledge - INFO - Fast-tracked /app/data/gemtektechnologycoltd2546/3455/b8507vs/lighttpd2-3455/doc/mod_openssl.xml (ext=.xml, size=4087)
2025-12-18 05:11:06,254 - Knowledge - INFO - done ingest for /app/data/gemtektechnologycoltd2546/3455/b8507vs/lighttpd2-3455/include/lighttpd/connection.h
2025-12-18 05:11:06,256 - Knowledge - INFO - [LLM_CALL] Completed: typedefs.h:chunk1, Duration: 27147ms, PromptTokens: 3670, CompletionTokens: 784, Cost: $0.00068
2025-12-18 05:11:06,432 - Knowledge - INFO - Fast-tracked /app/data/gemtektechnologycoltd2546/3455/b8507vs/lighttpd2-3455/include/lighttpd/stream_http_response.h (ext=.h, size=267)
2025-12-18 05:11:06,490 - Knowledge - INFO - Fast-tracked /app/data/gemtektechnologycoltd2546/3455/b8507vs/lighttpd2-3455/doc/mod_throttle.xml (ext=.xml, size=2224)
2025-12-18 05:11:06,588 - Knowledge - INFO - Worker kw19 processing /app/data/gemtektechnologycoltd2546/3455/b8507vs/lighttpd2-3455/pyproject.toml
2025-12-18 05:11:06,863 - Knowledge - INFO - Worker kw3 processing /app/data/gemtektechnologycoltd2546/3455/b8507vs/lighttpd2-3455/doc/mod_access.xml
2025-12-18 05:11:07,207 - Knowledge - INFO - Worker kw20 processing /app/data/gemtektechnologycoltd2546/3455/b8507vs/lighttpd2-3455/doc/mod_scgi.xml
2025-12-18 05:11:07,318 - Knowledge - INFO - Worker kw6 processing /app/data/gemtektechnologycoltd2546/3455/b8507vs/lighttpd2-3455/doc/mod_accesslog.xml
2025-12-18 05:11:07,507 - Knowledge - INFO - process ingested knowledge for /app/data/gemtektechnologycoltd2546/3455/b8507vs/lighttpd2-3455/src/angel/angel_server.c
2025-12-18 05:11:07,619 - Knowledge - INFO - done ingest for /app/data/gemtektechnologycoltd2546/3455/b8507vs/lighttpd2-3455/include/lighttpd/typedefs.h
2025-12-18 05:11:07,669 - Knowledge - INFO - [LLM_CALL] Completed: backends.h:chunk1, Duration: 23490ms, PromptTokens: 2664, CompletionTokens: 379, Cost: $0.00042
2025-12-18 05:11:07,919 - Knowledge - INFO - Worker kw1 processing /app/data/gemtektechnologycoltd2546/3455/b8507vs/lighttpd2-3455/doc/mod_userdir.xml
2025-12-18 05:11:08,101 - Knowledge - INFO - Fast-tracked /app/data/gemtektechnologycoltd2546/3455/b8507vs/lighttpd2-3455/pyproject.toml (ext=.toml, size=242)
2025-12-18 05:11:08,176 - Knowledge - INFO - Fast-tracked /app/data/gemtektechnologycoltd2546/3455/b8507vs/lighttpd2-3455/doc/mod_access.xml (ext=.xml, size=2534)
2025-12-18 05:11:08,407 - Knowledge - INFO - Fast-tracked /app/data/gemtektechnologycoltd2546/3455/b8507vs/lighttpd2-3455/doc/mod_scgi.xml (ext=.xml, size=524)
2025-12-18 05:11:08,579 - Knowledge - INFO - Fast-tracked /app/data/gemtektechnologycoltd2546/3455/b8507vs/lighttpd2-3455/doc/mod_accesslog.xml (ext=.xml, size=3061)
2025-12-18 05:11:08,933 - Knowledge - INFO - done ingest for /app/data/gemtektechnologycoltd2546/3455/b8507vs/lighttpd2-3455/include/lighttpd/backends.h
2025-12-18 05:11:09,054 - Knowledge - INFO - Fast-tracked /app/data/gemtektechnologycoltd2546/3455/b8507vs/lighttpd2-3455/doc/mod_userdir.xml (ext=.xml, size=1971)
2025-12-18 05:11:09,180 - Knowledge - INFO - Async storage completed for 5 embeddings
2025-12-18 05:11:09,346 - Knowledge - INFO - Async storage completed for 6 embeddings
2025-12-18 05:11:09,551 - Knowledge - INFO - [LLM_CALL] Completed: hedley.h:chunk1, Duration: 21505ms, PromptTokens: 21426, CompletionTokens: 1238, Cost: $0.00264
2025-12-18 05:11:09,601 - Knowledge - INFO - Async storage completed for 5 embeddings
2025-12-18 05:11:09,706 - Knowledge - INFO - Worker kw6 processing /app/data/gemtektechnologycoltd2546/3455/b8507vs/lighttpd2-3455/doc/mod_status.xml
2025-12-18 05:11:10,055 - Knowledge - INFO - Worker kw1 processing /app/data/gemtektechnologycoltd2546/3455/b8507vs/lighttpd2-3455/doc/mod_cache_disk_etag.xml
2025-12-18 05:11:10,757 - Knowledge - INFO - [LLM_CALL] Completed: server.h:chunk1, Duration: 16388ms, PromptTokens: 3398, CompletionTokens: 717, Cost: $0.00063
2025-12-18 05:11:10,811 - Knowledge - INFO - process ingested knowledge for /app/data/gemtektechnologycoltd2546/3455/b8507vs/lighttpd2-3455/src/angel/angel_log.c
2025-12-18 05:11:11,032 - Knowledge - INFO - Fast-tracked /app/data/gemtektechnologycoltd2546/3455/b8507vs/lighttpd2-3455/doc/mod_status.xml (ext=.xml, size=1317)
2025-12-18 05:11:11,252 - Knowledge - INFO - Fast-tracked /app/data/gemtektechnologycoltd2546/3455/b8507vs/lighttpd2-3455/doc/mod_cache_disk_etag.xml (ext=.xml, size=1385)
2025-12-18 05:11:11,340 - Knowledge - INFO - done ingest for /app/data/gemtektechnologycoltd2546/3455/b8507vs/lighttpd2-3455/include/lighttpd/server.h
2025-12-18 05:11:11,422 - Knowledge - INFO - [WEBSOCKET] Sent: Type=progress_update, Size: 290, Duration: 0ms
2025-12-18 05:11:11,497 - Knowledge - INFO - [kw8] Queue=69, InProgress=0, PendingWorkers=20/20, Completed=157/290 (54.1%)
2025-12-18 05:11:11,528 - Knowledge - INFO - process ingested knowledge for /app/data/gemtektechnologycoltd2546/3455/b8507vs/lighttpd2-3455/src/angel/angel_proc.c
2025-12-18 05:11:11,585 - Knowledge - INFO - Worker kw6 processing /app/data/gemtektechnologycoltd2546/3455/b8507vs/lighttpd2-3455/doc/core_regex.xml
2025-12-18 05:11:12,197 - Knowledge - INFO - Async storage completed for 6 embeddings
2025-12-18 05:11:12,572 - Knowledge - INFO - Processing batch of 4 files
2025-12-18 05:11:12,585 - Knowledge - INFO - Processing batch of 4 files
2025-12-18 05:11:12,631 - Knowledge - INFO - [WEBSOCKET] Sent: Type=unknown, Size: ?, Duration: 1209ms
2025-12-18 05:11:12,632 - Knowledge - INFO - Batch sizing: calculated=4, max_allowed=10, queue=69, active_workers=20/20
2025-12-18 05:11:13,072 - Knowledge - INFO - Fast-tracked /app/data/gemtektechnologycoltd2546/3455/b8507vs/lighttpd2-3455/doc/core_regex.xml (ext=.xml, size=1702)
2025-12-18 05:11:13,344 - Knowledge - INFO - process ingested knowledge for /app/data/gemtektechnologycoltd2546/3455/b8507vs/lighttpd2-3455/doc/mod_lua.xml
2025-12-18 05:11:13,447 - Knowledge - INFO - process ingested knowledge for /app/data/gemtektechnologycoltd2546/3455/b8507vs/lighttpd2-3455/doc/mod_auth.xml
2025-12-18 05:11:13,590 - Knowledge - INFO - Progress: 52.8% | Files: 169/290 | Rate: 0.81 files/sec | Queue: 69
2025-12-18 05:11:13,652 - Knowledge - INFO - [LLM_CALL] Completed: plugin.h:chunk1, Duration: 21508ms, PromptTokens: 3548, CompletionTokens: 884, Cost: $0.00071
2025-12-18 05:11:13,735 - Knowledge - INFO - [kw9] Queue=69, InProgress=0, PendingWorkers=20/20, Completed=169/290 (58.3%)
2025-12-18 05:11:13,813 - Knowledge - INFO - Async storage completed for 6 embeddings
2025-12-18 05:11:13,827 - Knowledge - INFO - Async storage completed for 6 embeddings
2025-12-18 05:11:14,300 - Knowledge - INFO - done ingest for /app/data/gemtektechnologycoltd2546/3455/b8507vs/lighttpd2-3455/include/lighttpd/plugin.h
2025-12-18 05:11:14,316 - Knowledge - INFO - Processing batch of 4 files
2025-12-18 05:11:14,322 - Knowledge - INFO - process ingested knowledge for /app/data/gemtektechnologycoltd2546/3455/b8507vs/lighttpd2-3455/doc/mod_rewrite.xml
2025-12-18 05:11:14,348 - Knowledge - INFO - Processing batch of 4 files
2025-12-18 05:11:14,349 - Knowledge - INFO - process ingested knowledge for /app/data/gemtektechnologycoltd2546/3455/b8507vs/lighttpd2-3455/doc/mod_proxy.xml
2025-12-18 05:11:14,361 - Knowledge - INFO - [kw4] Queue=65, InProgress=0, PendingWorkers=20/20, Completed=169/290 (58.3%)
2025-12-18 05:11:14,362 - Knowledge - INFO - Async storing batch of 5 embeddings
2025-12-18 05:11:14,414 - Knowledge - INFO - Batch sizing: calculated=4, max_allowed=10, queue=69, active_workers=20/20
2025-12-18 05:11:14,788 - Knowledge - INFO - Processing batch of 4 files
2025-12-18 05:11:14,861 - Knowledge - INFO - Processing batch of 5 files
2025-12-18 05:11:14,864 - Knowledge - INFO - [LLM_CALL] Completed: stat_cache.h:chunk1, Duration: 26740ms, PromptTokens: 3130, CompletionTokens: 652, Cost: $0.00057
2025-12-18 05:11:14,940 - Knowledge - INFO - process ingested knowledge for /app/data/gemtektechnologycoltd2546/3455/b8507vs/lighttpd2-3455/include/lighttpd/idlist.h
2025-12-18 05:11:15,216 - Knowledge - INFO - process ingested knowledge for /app/data/gemtektechnologycoltd2546/3455/b8507vs/lighttpd2-3455/doc/mod_redirect.xml
2025-12-18 05:11:15,226 - Knowledge - INFO - process ingested knowledge for /app/data/gemtektechnologycoltd2546/3455/b8507vs/lighttpd2-3455/doc/mod_balance.xml
2025-12-18 05:11:15,365 - Knowledge - INFO - process ingested knowledge for /app/data/gemtektechnologycoltd2546/3455/b8507vs/lighttpd2-3455/doc/style.css
2025-12-18 05:11:15,481 - Knowledge - INFO - Batch sizing: calculated=4, max_allowed=10, queue=65, active_workers=20/20
2025-12-18 05:11:15,608 - Knowledge - INFO - Worker kw8 processing /app/data/gemtektechnologycoltd2546/3455/b8507vs/lighttpd2-3455/doc/mod_vhost.xml
2025-12-18 05:11:15,892 - Knowledge - INFO - process ingested knowledge for /app/data/gemtektechnologycoltd2546/3455/b8507vs/lighttpd2-3455/doc/mod_openssl.xml
2025-12-18 05:11:16,031 - Knowledge - INFO - process ingested knowledge for /app/data/gemtektechnologycoltd2546/3455/b8507vs/lighttpd2-3455/include/lighttpd/connection.h
2025-12-18 05:11:16,134 - Knowledge - INFO - done ingest for /app/data/gemtektechnologycoltd2546/3455/b8507vs/lighttpd2-3455/include/lighttpd/stat_cache.h
2025-12-18 05:11:16,177 - Knowledge - INFO - [LLM_CALL] Completed: virtualrequest.h:chunk1, Duration: 33017ms, PromptTokens: 4340, CompletionTokens: 1190, Cost: $0.00091
2025-12-18 05:11:16,253 - Knowledge - INFO - process ingested knowledge for /app/data/gemtektechnologycoltd2546/3455/b8507vs/lighttpd2-3455/diff-dist-git.sh
2025-12-18 05:11:16,305 - Knowledge - INFO - Fast-tracked /app/data/gemtektechnologycoltd2546/3455/b8507vs/lighttpd2-3455/include/lighttpd/environment.h (small file (2197 bytes))
2025-12-18 05:11:16,369 - Knowledge - INFO - process ingested knowledge for /app/data/gemtektechnologycoltd2546/3455/b8507vs/lighttpd2-3455/doc/mod_access.xml
2025-12-18 05:11:16,498 - Knowledge - INFO - process ingested knowledge for /app/data/gemtektechnologycoltd2546/3455/b8507vs/lighttpd2-3455/doc/mod_throttle.xml
2025-12-18 05:11:16,686 - Knowledge - INFO - process ingested knowledge for /app/data/gemtektechnologycoltd2546/3455/b8507vs/lighttpd2-3455/doc/mod_scgi.xml
2025-12-18 05:11:16,946 - Knowledge - INFO - Fast-tracked /app/data/gemtektechnologycoltd2546/3455/b8507vs/lighttpd2-3455/doc/mod_vhost.xml (ext=.xml, size=2992)
2025-12-18 05:11:17,079 - Knowledge - INFO - process ingested knowledge for /app/data/gemtektechnologycoltd2546/3455/b8507vs/lighttpd2-3455/doc/mod_accesslog.xml
2025-12-18 05:11:17,236 - Knowledge - INFO - process ingested knowledge for /app/data/gemtektechnologycoltd2546/3455/b8507vs/lighttpd2-3455/include/lighttpd/http_range_parser.h
2025-12-18 05:11:17,515 - Knowledge - INFO - done ingest for /app/data/gemtektechnologycoltd2546/3455/b8507vs/lighttpd2-3455/include/lighttpd/virtualrequest.h
2025-12-18 05:11:17,527 - Knowledge - INFO - Async storing batch of 5 embeddings
2025-12-18 05:11:17,527 - Knowledge - INFO - Processing batch of 5 files
2025-12-18 05:11:17,539 - Knowledge - INFO - [WEBSOCKET] Sent: Type=progress_update, Size: 293, Duration: 0ms
2025-12-18 05:11:17,691 - Knowledge - INFO - process ingested knowledge for /app/data/gemtektechnologycoltd2546/3455/b8507vs/lighttpd2-3455/packdist.sh
2025-12-18 05:11:17,790 - Knowledge - INFO - Async storage completed for 6 embeddings
2025-12-18 05:11:18,357 - Knowledge - INFO - process ingested knowledge for /app/data/gemtektechnologycoltd2546/3455/b8507vs/lighttpd2-3455/doc/mod_userdir.xml
2025-12-18 05:11:18,428 - Knowledge - INFO - Worker kw8 processing /app/data/gemtektechnologycoltd2546/3455/b8507vs/lighttpd2-3455/doc/plugin_core.xml
2025-12-18 05:11:18,796 - Knowledge - INFO - process ingested knowledge for /app/data/gemtektechnologycoltd2546/3455/b8507vs/lighttpd2-3455/include/lighttpd/radix.h
2025-12-18 05:11:19,069 - Knowledge - INFO - Worker kw9 processing /app/data/gemtektechnologycoltd2546/3455/b8507vs/lighttpd2-3455/doc/mod_fortune.xml
2025-12-18 05:11:19,236 - Knowledge - INFO - process ingested knowledge for /app/data/gemtektechnologycoltd2546/3455/b8507vs/lighttpd2-3455/include/lighttpd/angel_connection.h
2025-12-18 05:11:19,248 - Knowledge - INFO - process ingested knowledge for /app/data/gemtektechnologycoltd2546/3455/b8507vs/lighttpd2-3455/doc/mod_status.xml
2025-12-18 05:11:19,497 - Knowledge - INFO - Async storing batch of 5 embeddings
2025-12-18 05:11:19,510 - Knowledge - INFO - [WEBSOCKET] Sent: Type=unknown, Size: ?, Duration: 1971ms
2025-12-18 05:11:19,845 - Knowledge - INFO - Fast-tracked /app/data/gemtektechnologycoltd2546/3455/b8507vs/lighttpd2-3455/doc/plugin_core.xml (ext=.xml, size=29043)
2025-12-18 05:11:19,983 - Knowledge - INFO - process ingested knowledge for /app/data/gemtektechnologycoltd2546/3455/b8507vs/lighttpd2-3455/pyproject.toml
2025-12-18 05:11:20,062 - Knowledge - INFO - Fast-tracked /app/data/gemtektechnologycoltd2546/3455/b8507vs/lighttpd2-3455/doc/mod_fortune.xml (ext=.xml, size=938)
2025-12-18 05:11:20,273 - Knowledge - INFO - process ingested knowledge for /app/data/gemtektechnologycoltd2546/3455/b8507vs/lighttpd2-3455/include/lighttpd/angel_config_parser.h
2025-12-18 05:11:20,288 - Knowledge - INFO - process ingested knowledge for /app/data/gemtektechnologycoltd2546/3455/b8507vs/lighttpd2-3455/doc/mod_cache_disk_etag.xml
2025-12-18 05:11:20,485 - Knowledge - INFO - Worker kw4 processing /app/data/gemtektechnologycoltd2546/3455/b8507vs/lighttpd2-3455/doc/core_lua.xml
2025-12-18 05:11:20,583 - Knowledge - INFO - Progress: 62.8% | Files: 185/290 | Rate: 0.86 files/sec | Queue: 57
2025-12-18 05:11:20,744 - Knowledge - INFO - process ingested knowledge for /app/data/gemtektechnologycoltd2546/3455/b8507vs/lighttpd2-3455/include/lighttpd/collect.h
2025-12-18 05:11:20,744 - Knowledge - INFO - Worker kw8 processing /app/data/gemtektechnologycoltd2546/3455/b8507vs/lighttpd2-3455/doc/mod_flv.xml
2025-12-18 05:11:20,745 - Knowledge - INFO - process ingested knowledge for /app/data/gemtektechnologycoltd2546/3455/b8507vs/lighttpd2-3455/doc/core_regex.xml
2025-12-18 05:11:20,794 - Knowledge - INFO - Processing batch of 5 files
2025-12-18 05:11:20,795 - Knowledge - INFO - Async storage completed for 6 embeddings
2025-12-18 05:11:21,026 - Knowledge - INFO - Worker kw9 processing /app/data/gemtektechnologycoltd2546/3455/b8507vs/lighttpd2-3455/doc/mod_secdownload.lua.xml
2025-12-18 05:11:21,039 - Knowledge - INFO - [kw3] Queue=57, InProgress=0, PendingWorkers=20/20, Completed=187/290 (64.5%)
2025-12-18 05:11:21,475 - Knowledge - INFO - Fast-tracked /app/data/gemtektechnologycoltd2546/3455/b8507vs/lighttpd2-3455/doc/core_lua.xml (ext=.xml, size=18395)
2025-12-18 05:11:21,481 - Knowledge - INFO - process ingested knowledge for /app/data/gemtektechnologycoltd2546/3455/b8507vs/lighttpd2-3455/include/lighttpd/angel_log.h
2025-12-18 05:11:21,490 - Knowledge - INFO - [WEBSOCKET] Sent: Type=progress_update, Size: 293, Duration: 0ms
2025-12-18 05:11:21,848 - Knowledge - INFO - [kw2] Queue=57, InProgress=0, PendingWorkers=20/20, Completed=191/290 (65.9%)
2025-12-18 05:11:21,880 - Knowledge - INFO - Fast-tracked /app/data/gemtektechnologycoltd2546/3455/b8507vs/lighttpd2-3455/doc/mod_flv.xml (ext=.xml, size=1096)
2025-12-18 05:11:22,042 - Knowledge - INFO - process ingested knowledge for /app/data/gemtektechnologycoltd2546/3455/b8507vs/lighttpd2-3455/include/lighttpd/server.h
2025-12-18 05:11:22,211 - Knowledge - INFO - process ingested knowledge for /app/data/gemtektechnologycoltd2546/3455/b8507vs/lighttpd2-3455/include/lighttpd/stream.h
2025-12-18 05:11:22,321 - Knowledge - INFO - Fast-tracked /app/data/gemtektechnologycoltd2546/3455/b8507vs/lighttpd2-3455/doc/mod_secdownload.lua.xml (ext=.xml, size=2992)
2025-12-18 05:11:22,432 - Knowledge - INFO - Batch sizing: calculated=4, max_allowed=10, queue=57, active_workers=20/20
2025-12-18 05:11:22,551 - Knowledge - INFO - Worker kw4 processing /app/data/gemtektechnologycoltd2546/3455/b8507vs/lighttpd2-3455/doc/core_introduction.xml
2025-12-18 05:11:22,778 - Knowledge - INFO - [LLM_CALL] Completed: condition.h:chunk1, Duration: 21102ms, PromptTokens: 3228, CompletionTokens: 968, Cost: $0.00071
2025-12-18 05:11:22,849 - Knowledge - INFO - Batch sizing: calculated=4, max_allowed=10, queue=57, active_workers=20/20
2025-12-18 05:11:22,985 - Knowledge - INFO - Worker kw8 processing /app/data/gemtektechnologycoltd2546/3455/b8507vs/lighttpd2-3455/doc/core_fetch.xml
2025-12-18 05:11:23,347 - Knowledge - INFO - Worker kw9 processing /app/data/gemtektechnologycoltd2546/3455/b8507vs/lighttpd2-3455/doc/jquery-1.10.1.min.js
2025-12-18 05:11:23,405 - Knowledge - INFO - process ingested knowledge for /app/data/gemtektechnologycoltd2546/3455/b8507vs/lighttpd2-3455/include/lighttpd/sys_memory.h
2025-12-18 05:11:23,411 - Knowledge - INFO - process ingested knowledge for /app/data/gemtektechnologycoltd2546/3455/b8507vs/lighttpd2-3455/include/lighttpd/base_lua.h
2025-12-18 05:11:23,598 - Knowledge - INFO - Fast-tracked /app/data/gemtektechnologycoltd2546/3455/b8507vs/lighttpd2-3455/doc/core_introduction.xml (ext=.xml, size=1352)
2025-12-18 05:11:23,786 - Knowledge - INFO - done ingest for /app/data/gemtektechnologycoltd2546/3455/b8507vs/lighttpd2-3455/include/lighttpd/condition.h
2025-12-18 05:11:23,804 - Knowledge - INFO - [WEBSOCKET] Sent: Type=unknown, Size: ?, Duration: 2314ms
2025-12-18 05:11:24,147 - Knowledge - INFO - Fast-tracked /app/data/gemtektechnologycoltd2546/3455/b8507vs/lighttpd2-3455/doc/core_fetch.xml (ext=.xml, size=579)
2025-12-18 05:11:24,338 - Knowledge - INFO - Fast-tracked /app/data/gemtektechnologycoltd2546/3455/b8507vs/lighttpd2-3455/doc/jquery-1.10.1.min.js (ext=.js, size=93064)
2025-12-18 05:11:24,702 - Knowledge - INFO - Worker kw4 processing /app/data/gemtektechnologycoltd2546/3455/b8507vs/lighttpd2-3455/doc/mod_memcached.xml
2025-12-18 05:11:24,952 - Knowledge - INFO - Progress: 65.2% | Files: 192/290 | Rate: 0.88 files/sec | Queue: 57
2025-12-18 05:11:25,077 - Knowledge - INFO - Async storage completed for 5 embeddings
2025-12-18 05:11:25,147 - Knowledge - INFO - Async storing batch of 4 embeddings
2025-12-18 05:11:25,159 - Knowledge - INFO - Async storing batch of 5 embeddings
2025-12-18 05:11:25,263 - Knowledge - INFO - Processing batch of 5 files
2025-12-18 05:11:25,277 - Knowledge - INFO - Worker kw9 processing /app/data/gemtektechnologycoltd2546/3455/b8507vs/lighttpd2-3455/doc/mod_dirlist.xml
2025-12-18 05:11:25,471 - Knowledge - INFO - Fast-tracked /app/data/gemtektechnologycoltd2546/3455/b8507vs/lighttpd2-3455/doc/mod_memcached.xml (ext=.xml, size=3979)
2025-12-18 05:11:25,566 - Knowledge - INFO - process ingested knowledge for /app/data/gemtektechnologycoltd2546/3455/b8507vs/lighttpd2-3455/include/lighttpd/plugin_core.h
2025-12-18 05:11:25,618 - Knowledge - INFO - process ingested knowledge for /app/data/gemtektechnologycoltd2546/3455/b8507vs/lighttpd2-3455/include/lighttpd/options.h
2025-12-18 05:11:26,136 - Knowledge - INFO - Worker kw3 processing /app/data/gemtektechnologycoltd2546/3455/b8507vs/lighttpd2-3455/doc/mod_debug.xml
2025-12-18 05:11:26,222 - Knowledge - INFO - [kw20] Queue=49, InProgress=0, PendingWorkers=20/20, Completed=194/290 (66.9%)
2025-12-18 05:11:26,250 - Knowledge - INFO - [kw19] Queue=49, InProgress=0, PendingWorkers=20/20, Completed=194/290 (66.9%)
2025-12-18 05:11:26,295 - Knowledge - INFO - Worker kw2 processing /app/data/gemtektechnologycoltd2546/3455/b8507vs/lighttpd2-3455/doc/mod_deflate.xml
2025-12-18 05:11:26,412 - Knowledge - INFO - process ingested knowledge for /app/data/gemtektechnologycoltd2546/3455/b8507vs/lighttpd2-3455/include/lighttpd/plugin.h
2025-12-18 05:11:26,618 - Knowledge - INFO - Fast-tracked /app/data/gemtektechnologycoltd2546/3455/b8507vs/lighttpd2-3455/doc/mod_dirlist.xml (ext=.xml, size=2842)
2025-12-18 05:11:26,648 - Knowledge - INFO - Worker kw4 processing /app/data/gemtektechnologycoltd2546/3455/b8507vs/lighttpd2-3455/doc/core_pattern.xml
2025-12-18 05:11:26,872 - Knowledge - INFO - Processing batch of 5 files
2025-12-18 05:11:27,148 - Knowledge - INFO - Processing batch of 5 files
2025-12-18 05:11:27,319 - Knowledge - INFO - [kw1] Queue=49, InProgress=0, PendingWorkers=20/20, Completed=198/290 (68.3%)
2025-12-18 05:11:27,325 - Knowledge - INFO - Processing batch of 4 files
2025-12-18 05:11:27,325 - Knowledge - INFO - Fast-tracked /app/data/gemtektechnologycoltd2546/3455/b8507vs/lighttpd2-3455/doc/mod_debug.xml (ext=.xml, size=2071)
2025-12-18 05:11:27,345 - Knowledge - INFO - process ingested knowledge for /app/data/gemtektechnologycoltd2546/3455/b8507vs/lighttpd2-3455/include/lighttpd/config_lua.h
2025-12-18 05:11:27,405 - Knowledge - INFO - [WEBSOCKET] Sent: Type=progress_update, Size: 293, Duration: 0ms
2025-12-18 05:11:27,472 - Knowledge - INFO - Batch sizing: calculated=4, max_allowed=10, queue=49, active_workers=20/20
2025-12-18 05:11:27,598 - Knowledge - INFO - Batch sizing: calculated=4, max_allowed=10, queue=49, active_workers=20/20
2025-12-18 05:11:28,194 - Knowledge - INFO - Fast-tracked /app/data/gemtektechnologycoltd2546/3455/b8507vs/lighttpd2-3455/doc/mod_deflate.xml (ext=.xml, size=4150)
2025-12-18 05:11:28,488 - Knowledge - INFO - Async storage completed for 5 embeddings
2025-12-18 05:11:28,576 - Knowledge - INFO - Fast-tracked /app/data/gemtektechnologycoltd2546/3455/b8507vs/lighttpd2-3455/doc/core_pattern.xml (ext=.xml, size=3131)
2025-12-18 05:11:28,712 - Knowledge - INFO - process ingested knowledge for /app/data/gemtektechnologycoltd2546/3455/b8507vs/lighttpd2-3455/include/lighttpd/backends.h
2025-12-18 05:11:29,842 - Knowledge - INFO - process ingested knowledge for /app/data/gemtektechnologycoltd2546/3455/b8507vs/lighttpd2-3455/include/lighttpd/sys_socket.h
2025-12-18 05:11:28,863 - Knowledge - INFO - process ingested knowledge for /app/data/gemtektechnologycoltd2546/3455/b8507vs/lighttpd2-3455/include/lighttpd/http_request_parser.h
2025-12-18 05:11:29,019 - Knowledge - INFO - Batch sizing: calculated=4, max_allowed=10, queue=49, active_workers=20/20
2025-12-18 05:11:29,179 - Knowledge - INFO - process ingested knowledge for /app/data/gemtektechnologycoltd2546/3455/b8507vs/lighttpd2-3455/doc/mod_vhost.xml
2025-12-18 05:11:29,287 - Knowledge - INFO - Worker kw3 processing /app/data/gemtektechnologycoltd2546/3455/b8507vs/lighttpd2-3455/doc/mod_limit.xml
2025-12-18 05:11:29,644 - Knowledge - INFO - [WEBSOCKET] Sent: Type=unknown, Size: ?, Duration: 2239ms
2025-12-18 05:11:28,771 - Knowledge - INFO - process ingested knowledge for /app/data/gemtektechnologycoltd2546/3455/b8507vs/lighttpd2-3455/include/lighttpd/url_parser.h
2025-12-18 05:11:29,848 - Knowledge - INFO - [kw13] Queue=49, InProgress=0, PendingWorkers=20/20, Completed=200/290 (69.0%)
2025-12-18 05:11:30,091 - Knowledge - INFO - Worker kw2 processing /app/data/gemtektechnologycoltd2546/3455/b8507vs/lighttpd2-3455/doc/mod_progress.xml
2025-12-18 05:11:30,480 - Knowledge - INFO - Async storage completed for 5 embeddings
2025-12-18 05:11:31,011 - Knowledge - INFO - process ingested knowledge for /app/data/gemtektechnologycoltd2546/3455/b8507vs/lighttpd2-3455/include/lighttpd/http_headers.h
2025-12-18 05:11:31,022 - Knowledge - INFO - process ingested knowledge for /app/data/gemtektechnologycoltd2546/3455/b8507vs/lighttpd2-3455/include/lighttpd/typedefs.h
2025-12-18 05:11:31,632 - Knowledge - INFO - Fast-tracked /app/data/gemtektechnologycoltd2546/3455/b8507vs/lighttpd2-3455/doc/mod_limit.xml (ext=.xml, size=4207)
2025-12-18 05:11:31,663 - Knowledge - INFO - process ingested knowledge for /app/data/gemtektechnologycoltd2546/3455/b8507vs/lighttpd2-3455/doc/plugin_core.xml
2025-12-18 05:11:31,682 - Knowledge - INFO - Progress: 69.0% | Files: 203/290 | Rate: 0.91 files/sec | Queue: 37
2025-12-18 05:11:31,692 - Knowledge - INFO - Async storing batch of 4 embeddings
2025-12-18 05:11:31,715 - Knowledge - INFO - Async storing batch of 4 embeddings
2025-12-18 05:11:31,761 - Knowledge - INFO - [kw10] Queue=37, InProgress=0, PendingWorkers=20/20, Completed=203/290 (70.0%)
2025-12-18 05:11:31,761 - Knowledge - INFO - Async storing batch of 4 embeddings
2025-12-18 05:11:32,027 - Knowledge - INFO - Batch sizing: calculated=4, max_allowed=10, queue=49, active_workers=20/20
2025-12-18 05:11:32,195 - Knowledge - INFO - [LLM_CALL] Completed: hedley.h:chunk2, Duration: 20844ms, PromptTokens: 25264, CompletionTokens: 1238, Cost: $0.00302
2025-12-18 05:11:32,284 - Knowledge - INFO - Fast-tracked /app/data/gemtektechnologycoltd2546/3455/b8507vs/lighttpd2-3455/doc/mod_progress.xml (ext=.xml, size=3688)
2025-12-18 05:11:32,336 - Knowledge - INFO - process ingested knowledge for /app/data/gemtektechnologycoltd2546/3455/b8507vs/lighttpd2-3455/include/lighttpd/response.h
2025-12-18 05:11:32,830 - Knowledge - INFO - Worker kw3 processing /app/data/gemtektechnologycoltd2546/3455/b8507vs/lighttpd2-3455/doc/core_config.xml
2025-12-18 05:11:32,889 - Knowledge - INFO - process ingested knowledge for /app/data/gemtektechnologycoltd2546/3455/b8507vs/lighttpd2-3455/include/lighttpd/profiler.h
2025-12-18 05:11:32,901 - Knowledge - INFO - process ingested knowledge for /app/data/gemtektechnologycoltd2546/3455/b8507vs/lighttpd2-3455/include/lighttpd/virtualrequest.h
2025-12-18 05:11:33,024 - Knowledge - INFO - process ingested knowledge for /app/data/gemtektechnologycoltd2546/3455/b8507vs/lighttpd2-3455/doc/mod_flv.xml
2025-12-18 05:11:33,331 - Knowledge - INFO - [kw6] Queue=37, InProgress=0, PendingWorkers=20/20, Completed=208/290 (71.7%)
2025-12-18 05:11:33,379 - Knowledge - INFO - Worker kw20 processing /app/data/gemtektechnologycoltd2546/3455/b8507vs/lighttpd2-3455/doc/mod_expire.xml
2025-12-18 05:11:33,566 - Knowledge - INFO - Worker kw19 processing /app/data/gemtektechnologycoltd2546/3455/b8507vs/lighttpd2-3455/doc/mod_core.lua.xml
2025-12-18 05:11:33,644 - Knowledge - INFO - Batch sizing: calculated=4, max_allowed=10, queue=37, active_workers=20/20
2025-12-18 05:11:33,768 - Knowledge - INFO - Worker kw1 processing /app/data/gemtektechnologycoltd2546/3455/b8507vs/lighttpd2-3455/contrib/create-mimetypes.conf.pl
2025-12-18 05:11:34,079 - Knowledge - INFO - Processing batch of 4 files
2025-12-18 05:11:34,130 - Knowledge - INFO - Processing batch of 4 files
2025-12-18 05:11:34,154 - Knowledge - INFO - Async storing batch of 5 embeddings
2025-12-18 05:11:34,166 - Knowledge - INFO - Worker kw2 processing /app/data/gemtektechnologycoltd2546/3455/b8507vs/lighttpd2-3455/doc/bootstrap.min.js
2025-12-18 05:11:34,263 - Knowledge - INFO - [WEBSOCKET] Sent: Type=progress_update, Size: 293, Duration: 0ms
2025-12-18 05:11:34,345 - Knowledge - INFO - process ingested knowledge for /app/data/gemtektechnologycoltd2546/3455/b8507vs/lighttpd2-3455/include/lighttpd/filter_chunked.h
2025-12-18 05:11:34,504 - Knowledge - INFO - Fast-tracked /app/data/gemtektechnologycoltd2546/3455/b8507vs/lighttpd2-3455/doc/core_config.xml (ext=.xml, size=15209)
2025-12-18 05:11:34,669 - Knowledge - INFO - process ingested knowledge for /app/data/gemtektechnologycoltd2546/3455/b8507vs/lighttpd2-3455/include/lighttpd/proxy_protocol.h
2025-12-18 05:11:34,754 - Knowledge - INFO - process ingested knowledge for /app/data/gemtektechnologycoltd2546/3455/b8507vs/lighttpd2-3455/include/lighttpd/jobqueue.h
2025-12-18 05:11:34,815 - Knowledge - INFO - process ingested knowledge for /app/data/gemtektechnologycoltd2546/3455/b8507vs/lighttpd2-3455/doc/core_fetch.xml
2025-12-18 05:11:34,965 - Knowledge - INFO - Batch sizing: calculated=4, max_allowed=10, queue=37, active_workers=20/20
2025-12-18 05:11:35,200 - Knowledge - INFO - Fast-tracked /app/data/gemtektechnologycoltd2546/3455/b8507vs/lighttpd2-3455/doc/mod_expire.xml (ext=.xml, size=2085)
2025-12-18 05:11:35,436 - Knowledge - INFO - Fast-tracked /app/data/gemtektechnologycoltd2546/3455/b8507vs/lighttpd2-3455/doc/mod_core.lua.xml (ext=.xml, size=4437)
2025-12-18 05:11:35,691 - Knowledge - INFO - Worker kw1 processing /app/data/gemtektechnologycoltd2546/3455/b8507vs/lighttpd2-3455/contrib/core__xsendfile.lua
2025-12-18 05:11:35,827 - Knowledge - INFO - process ingested knowledge for /app/data/gemtektechnologycoltd2546/3455/b8507vs/lighttpd2-3455/doc/mod_fortune.xml
2025-12-18 05:11:36,029 - Knowledge - INFO - process ingested knowledge for /app/data/gemtektechnologycoltd2546/3455/b8507vs/lighttpd2-3455/doc/core_lua.xml
2025-12-18 05:11:36,245 - Knowledge - INFO - Worker kw13 processing /app/data/gemtektechnologycoltd2546/3455/b8507vs/lighttpd2-3455/contrib/secdownload.lua
2025-12-18 05:11:36,582 - Knowledge - INFO - Fast-tracked /app/data/gemtektechnologycoltd2546/3455/b8507vs/lighttpd2-3455/doc/bootstrap.min.js (ext=.js, size=27822)
2025-12-18 05:11:36,745 - Knowledge - INFO - Async storing batch of 5 embeddings
2025-12-18 05:11:36,753 - Knowledge - INFO - [LLM_CALL] Completed: chunk.h:chunk1, Duration: 27775ms, PromptTokens: 5550, CompletionTokens: 1978, Cost: $0.00135
2025-12-18 05:11:36,904 - Knowledge - INFO - process ingested knowledge for /app/data/gemtektechnologycoltd2546/3455/b8507vs/lighttpd2-3455/include/lighttpd/memcached.h
2025-12-18 05:11:37,002 - Knowledge - INFO - Worker kw3 processing /app/data/gemtektechnologycoltd2546/3455/b8507vs/lighttpd2-3455/doc/core_config_angel.xml
2025-12-18 05:11:37,152 - Knowledge - INFO - process ingested knowledge for /app/data/gemtektechnologycoltd2546/3455/b8507vs/lighttpd2-3455/include/lighttpd/stat_cache.h
2025-12-18 05:11:37,392 - Knowledge - INFO - process ingested knowledge for /app/data/gemtektechnologycoltd2546/3455/b8507vs/lighttpd2-3455/include/lighttpd/angel_data.h
2025-12-18 05:11:37,785 - Knowledge - INFO - Worker kw20 processing /app/data/gemtektechnologycoltd2546/3455/b8507vs/lighttpd2-3455/doc/mod_gnutls.xml
2025-12-18 05:11:37,965 - Knowledge - INFO - Worker kw19 processing /app/data/gemtektechnologycoltd2546/3455/b8507vs/lighttpd2-3455/doc/mod_fastcgi.xml
2025-12-18 05:11:38,080 - Knowledge - INFO - Fast-tracked /app/data/gemtektechnologycoltd2546/3455/b8507vs/lighttpd2-3455/contrib/core__xsendfile.lua (ext=.lua, size=1956)
2025-12-18 05:11:38,426 - Knowledge - INFO - process ingested knowledge for /app/data/gemtektechnologycoltd2546/3455/b8507vs/lighttpd2-3455/doc/mod_secdownload.lua.xml
2025-12-18 05:11:38,437 - Knowledge - INFO - process ingested knowledge for /app/data/gemtektechnologycoltd2546/3455/b8507vs/lighttpd2-3455/doc/core_introduction.xml
2025-12-18 05:11:38,476 - Knowledge - INFO - Fast-tracked /app/data/gemtektechnologycoltd2546/3455/b8507vs/lighttpd2-3455/contrib/secdownload.lua (ext=.lua, size=1451)
2025-12-18 05:11:38,600 - Knowledge - INFO - Worker kw2 processing /app/data/gemtektechnologycoltd2546/3455/b8507vs/lighttpd2-3455/doc/compile.rb
2025-12-18 05:11:38,762 - Knowledge - INFO - Worker kw10 processing /app/data/gemtektechnologycoltd2546/3455/b8507vs/lighttpd2-3455/tests/CONTRIBUTE.md
2025-12-18 05:11:38,868 - Knowledge - INFO - done ingest for /app/data/gemtektechnologycoltd2546/3455/b8507vs/lighttpd2-3455/include/lighttpd/chunk.h
2025-12-18 05:11:38,886 - Knowledge - INFO - [WEBSOCKET] Sent: Type=unknown, Size: ?, Duration: 4623ms
2025-12-18 05:11:39,208 - Knowledge - INFO - Fast-tracked /app/data/gemtektechnologycoltd2546/3455/b8507vs/lighttpd2-3455/doc/core_config_angel.xml (ext=.xml, size=9169)
2025-12-18 05:11:39,590 - Knowledge - INFO - Fast-tracked /app/data/gemtektechnologycoltd2546/3455/b8507vs/lighttpd2-3455/doc/mod_gnutls.xml (ext=.xml, size=13627)
2025-12-18 05:11:39,685 - Knowledge - INFO - Fast-tracked /app/data/gemtektechnologycoltd2546/3455/b8507vs/lighttpd2-3455/doc/mod_fastcgi.xml (ext=.xml, size=1281)
2025-12-18 05:11:39,781 - Knowledge - INFO - Worker kw1 processing /app/data/gemtektechnologycoltd2546/3455/b8507vs/lighttpd2-3455/contrib/core.lua
2025-12-18 05:11:40,081 - Knowledge - INFO - Worker kw13 processing /app/data/gemtektechnologycoltd2546/3455/b8507vs/lighttpd2-3455/tests/run-memcached.py
2025-12-18 05:11:40,334 - Knowledge - INFO - Fast-tracked /app/data/gemtektechnologycoltd2546/3455/b8507vs/lighttpd2-3455/tests/CONTRIBUTE.md (ext=.md, size=75)
2025-12-18 05:11:40,570 - Knowledge - INFO - process ingested knowledge for /app/data/gemtektechnologycoltd2546/3455/b8507vs/lighttpd2-3455/doc/jquery-1.10.1.min.js
2025-12-18 05:11:40,574 - Knowledge - INFO - Progress: 71.7% | Files: 208/290 | Rate: 0.90 files/sec | Queue: 25
2025-12-18 05:11:40,577 - Knowledge - INFO - [LLM_CALL] Completed: settings.h:chunk1, Duration: 21171ms, PromptTokens: 3742, CompletionTokens: 467, Cost: $0.00056
2025-12-18 05:11:40,712 - Knowledge - INFO - Async storage completed for 4 embeddings
2025-12-18 05:11:40,807 - Knowledge - INFO - Worker kw20 processing /app/data/gemtektechnologycoltd2546/3455/b8507vs/lighttpd2-3455/doc/bootstrap-theme.min.css
2025-12-18 05:11:40,902 - Knowledge - INFO - Worker kw19 processing /app/data/gemtektechnologycoltd2546/3455/b8507vs/lighttpd2-3455/contrib/default.html
2025-12-18 05:11:41,038 - Knowledge - INFO - Worker kw1 processing /app/data/gemtektechnologycoltd2546/3455/b8507vs/lighttpd2-3455/contrib/core__cached_html.lua
2025-12-18 05:11:41,153 - Knowledge - INFO - Fast-tracked /app/data/gemtektechnologycoltd2546/3455/b8507vs/lighttpd2-3455/tests/run-memcached.py (ext=.py, size=12192)
2025-12-18 05:11:41,216 - Knowledge - INFO - Worker kw10 processing /app/data/gemtektechnologycoltd2546/3455/b8507vs/lighttpd2-3455/tests/pylt/fastcgi.py
2025-12-18 05:11:41,442 - Knowledge - INFO - process ingested knowledge for /app/data/gemtektechnologycoltd2546/3455/b8507vs/lighttpd2-3455/doc/mod_memcached.xml
2025-12-18 05:11:41,523 - Knowledge - INFO - done ingest for /app/data/gemtektechnologycoltd2546/3455/b8507vs/lighttpd2-3455/include/lighttpd/settings.h
2025-12-18 05:11:41,528 - Knowledge - INFO - [LLM_CALL] Completed: angel_plugin.h:chunk1, Duration: 33898ms, PromptTokens: 2596, CompletionTokens: 652, Cost: $0.00052
2025-12-18 05:11:41,633 - Knowledge - INFO - process ingested knowledge for /app/data/gemtektechnologycoltd2546/3455/b8507vs/lighttpd2-3455/doc/mod_dirlist.xml
2025-12-18 05:11:41,633 - Knowledge - INFO - [kw7] Queue=25, InProgress=0, PendingWorkers=20/20, Completed=209/290 (72.1%)
2025-12-18 05:11:41,691 - Knowledge - INFO - Fast-tracked /app/data/gemtektechnologycoltd2546/3455/b8507vs/lighttpd2-3455/doc/bootstrap-theme.min.css (ext=.css, size=13135)
2025-12-18 05:11:41,771 - Knowledge - INFO - Worker kw19 processing /app/data/gemtektechnologycoltd2546/3455/b8507vs/lighttpd2-3455/contrib/secdownload__secdownload.lua
2025-12-18 05:11:41,874 - Knowledge - INFO - Fast-tracked /app/data/gemtektechnologycoltd2546/3455/b8507vs/lighttpd2-3455/contrib/core__cached_html.lua (ext=.lua, size=382)
2025-12-18 05:11:41,963 - Knowledge - INFO - Worker kw13 processing /app/data/gemtektechnologycoltd2546/3455/b8507vs/lighttpd2-3455/tests/ca/createca.sh
2025-12-18 05:11:42,051 - Knowledge - INFO - Fast-tracked /app/data/gemtektechnologycoltd2546/3455/b8507vs/lighttpd2-3455/tests/pylt/fastcgi.py (ext=.py, size=23036)
2025-12-18 05:11:42,122 - Knowledge - INFO - process ingested knowledge for /app/data/gemtektechnologycoltd2546/3455/b8507vs/lighttpd2-3455/doc/core_pattern.xml
2025-12-18 05:11:42,360 - Knowledge - INFO - done ingest for /app/data/gemtektechnologycoltd2546/3455/b8507vs/lighttpd2-3455/include/lighttpd/angel_plugin.h
2025-12-18 05:11:42,368 - Knowledge - INFO - [LLM_CALL] Completed: value.h:chunk1, Duration: 38000ms, PromptTokens: 4248, CompletionTokens: 1970, Cost: $0.00121
2025-12-18 05:11:42,375 - Knowledge - INFO - Async storing batch of 4 embeddings
2025-12-18 05:11:42,735 - Knowledge - INFO - Batch sizing: calculated=4, max_allowed=10, queue=25, active_workers=20/20
2025-12-18 05:11:42,936 - Knowledge - INFO - Worker kw20 processing /app/data/gemtektechnologycoltd2546/3455/b8507vs/lighttpd2-3455/doc/bootstrap.min.css
2025-12-18 05:11:43,037 - Knowledge - INFO - Fast-tracked /app/data/gemtektechnologycoltd2546/3455/b8507vs/lighttpd2-3455/contrib/secdownload__secdownload.lua (ext=.lua, size=1504)
2025-12-18 05:11:43,303 - Knowledge - INFO - Fast-tracked /app/data/gemtektechnologycoltd2546/3455/b8507vs/lighttpd2-3455/tests/ca/createca.sh (ext=.sh, size=1945)
2025-12-18 05:11:43,392 - Knowledge - INFO - Worker kw10 processing /app/data/gemtektechnologycoltd2546/3455/b8507vs/lighttpd2-3455/tests/pylt/service.py
2025-12-18 05:11:43,851 - Knowledge - INFO - done ingest for /app/data/gemtektechnologycoltd2546/3455/b8507vs/lighttpd2-3455/include/lighttpd/value.h
2025-12-18 05:11:43,984 - Knowledge - INFO - Processing batch of 4 files
2025-12-18 05:11:43,999 - Knowledge - INFO - [LLM_CALL] Completed: hedley.h:chunk3, Duration: 9864ms, PromptTokens: 11296, CompletionTokens: 1238, Cost: $0.00162
2025-12-18 05:11:44,030 - Knowledge - INFO - Worker kw6 processing /app/data/gemtektechnologycoltd2546/3455/b8507vs/lighttpd2-3455/tests/pylt/base.py
2025-12-18 05:11:44,252 - Knowledge - INFO - Fast-tracked /app/data/gemtektechnologycoltd2546/3455/b8507vs/lighttpd2-3455/doc/bootstrap.min.css (ext=.css, size=99548)
2025-12-18 05:11:44,470 - Knowledge - INFO - Worker kw13 processing /app/data/gemtektechnologycoltd2546/3455/b8507vs/lighttpd2-3455/tests/run-fcgi-cgi.py
2025-12-18 05:11:44,615 - Knowledge - INFO - Fast-tracked /app/data/gemtektechnologycoltd2546/3455/b8507vs/lighttpd2-3455/tests/pylt/service.py (ext=.py, size=8165)
2025-12-18 05:11:45,187 - Knowledge - INFO - process ingested knowledge for /app/data/gemtektechnologycoltd2546/3455/b8507vs/lighttpd2-3455/doc/mod_debug.xml
2025-12-18 05:11:45,283 - Knowledge - INFO - done ingest for /app/data/gemtektechnologycoltd2546/3455/b8507vs/lighttpd2-3455/include/lighttpd/hedley.h
2025-12-18 05:11:45,336 - Knowledge - INFO - [LLM_CALL] Completed: events.h:chunk1, Duration: 33956ms, PromptTokens: 9548, CompletionTokens: 712, Cost: $0.00124
2025-12-18 05:11:45,399 - Knowledge - INFO - Async storage completed for 5 embeddings
2025-12-18 05:11:45,434 - Knowledge - INFO - Fast-tracked /app/data/gemtektechnologycoltd2546/3455/b8507vs/lighttpd2-3455/tests/pylt/base.py (ext=.py, size=26858)
2025-12-18 05:11:45,627 - Knowledge - INFO - [kw5] Queue=21, InProgress=0, PendingWorkers=20/20, Completed=214/290 (73.8%)
2025-12-18 05:11:45,641 - Knowledge - INFO - Async storage completed for 4 embeddings
2025-12-18 05:11:45,645 - Knowledge - INFO - [kw18] Queue=21, InProgress=0, PendingWorkers=20/20, Completed=215/290 (74.1%)
2025-12-18 05:11:45,645 - Knowledge - INFO - [kw15] Queue=21, InProgress=0, PendingWorkers=20/20, Completed=215/290 (74.1%)
2025-12-18 05:11:45,733 - Knowledge - INFO - Fast-tracked /app/data/gemtektechnologycoltd2546/3455/b8507vs/lighttpd2-3455/tests/run-fcgi-cgi.py (ext=.py, size=4166)
2025-12-18 05:11:45,830 - Knowledge - INFO - Worker kw10 processing /app/data/gemtektechnologycoltd2546/3455/b8507vs/lighttpd2-3455/tests/pylt/run.py
2025-12-18 05:11:46,134 - Knowledge - INFO - process ingested knowledge for /app/data/gemtektechnologycoltd2546/3455/b8507vs/lighttpd2-3455/doc/mod_limit.xml
2025-12-18 05:11:46,245 - Knowledge - INFO - done ingest for /app/data/gemtektechnologycoltd2546/3455/b8507vs/lighttpd2-3455/include/lighttpd/events.h
2025-12-18 05:11:46,264 - Knowledge - INFO - Async storing batch of 5 embeddings
2025-12-18 05:11:46,265 - Knowledge - INFO - [kw9] Queue=21, InProgress=0, PendingWorkers=20/20, Completed=216/290 (74.5%)
2025-12-18 05:11:46,268 - Knowledge - INFO - [WEBSOCKET] Sent: Type=progress_update, Size: 293, Duration: 0ms
2025-12-18 05:11:46,456 - Knowledge - INFO - Worker kw6 processing /app/data/gemtektechnologycoltd2546/3455/b8507vs/lighttpd2-3455/tests/pylt/logfile.py
2025-12-18 05:11:46,703 - Knowledge - INFO - Batch sizing: calculated=4, max_allowed=10, queue=21, active_workers=20/20
2025-12-18 05:11:46,931 - Knowledge - INFO - Batch sizing: calculated=4, max_allowed=10, queue=21, active_workers=20/20
2025-12-18 05:11:47,027 - Knowledge - INFO - Batch sizing: calculated=4, max_allowed=10, queue=21, active_workers=20/20
2025-12-18 05:11:47,168 - Knowledge - INFO - Async storage completed for 5 embeddings
2025-12-18 05:11:47,317 - Knowledge - INFO - Fast-tracked /app/data/gemtektechnologycoltd2546/3455/b8507vs/lighttpd2-3455/tests/pylt/run.py (ext=.py, size=6516)
2025-12-18 05:11:47,386 - Knowledge - INFO - process ingested knowledge for /app/data/gemtektechnologycoltd2546/3455/b8507vs/lighttpd2-3455/doc/core_config.xml
2025-12-18 05:11:47,669 - Knowledge - INFO - Worker kw7 processing /app/data/gemtektechnologycoltd2546/3455/b8507vs/lighttpd2-3455/tests/pylt/tests/t-rewrite.py
2025-12-18 05:11:47,760 - Knowledge - INFO - Batch sizing: calculated=4, max_allowed=10, queue=21, active_workers=20/20
2025-12-18 05:11:47,938 - Knowledge - INFO - Processing batch of 4 files
2025-12-18 05:11:47,977 - Knowledge - INFO - [kw4] Queue=21, InProgress=0, PendingWorkers=20/20, Completed=222/290 (76.6%)
2025-12-18 05:11:47,995 - Knowledge - INFO - [WEBSOCKET] Sent: Type=unknown, Size: ?, Duration: 1728ms
2025-12-18 05:11:48,013 - Knowledge - INFO - Async storage completed for 4 embeddings
2025-12-18 05:11:48,079 - Knowledge - INFO - Fast-tracked /app/data/gemtektechnologycoltd2546/3455/b8507vs/lighttpd2-3455/tests/pylt/logfile.py (ext=.py, size=3169)
2025-12-18 05:11:48,602 - Knowledge - INFO - Async storage completed for 5 embeddings
2025-12-18 05:11:48,694 - Knowledge - INFO - process ingested knowledge for /app/data/gemtektechnologycoltd2546/3455/b8507vs/lighttpd2-3455/doc/core_config_angel.xml
2025-12-18 05:11:48,797 - Knowledge - INFO - Fast-tracked /app/data/gemtektechnologycoltd2546/3455/b8507vs/lighttpd2-3455/tests/pylt/tests/t-rewrite.py (ext=.py, size=1908)
2025-12-18 05:11:48,938 - Knowledge - INFO - process ingested knowledge for /app/data/gemtektechnologycoltd2546/3455/b8507vs/lighttpd2-3455/doc/mod_expire.xml
2025-12-18 05:11:48,991 - Knowledge - INFO - Async storage completed for 4 embeddings
2025-12-18 05:11:49,039 - Knowledge - INFO - Batch sizing: calculated=4, max_allowed=10, queue=21, active_workers=20/20
2025-12-18 05:11:49,146 - Knowledge - INFO - Progress: 73.8% | Files: 224/290 | Rate: 0.92 files/sec | Queue: 5
2025-12-18 05:11:49,158 - Knowledge - INFO - Async storing batch of 5 embeddings
2025-12-18 05:11:49,164 - Knowledge - INFO - Async storing batch of 5 embeddings
2025-12-18 05:11:49,165 - Knowledge - INFO - Async storing batch of 5 embeddings
2025-12-18 05:11:49,165 - Knowledge - INFO - [LLM_CALL] Completed: actions.h:chunk1, Duration: 41517ms, PromptTokens: 2510, CompletionTokens: 916, Cost: $0.00062
2025-12-18 05:11:49,322 - Knowledge - INFO - Worker kw6 processing /app/data/gemtektechnologycoltd2546/3455/b8507vs/lighttpd2-3455/tests/pylt/tests/t-openssl.py
2025-12-18 05:11:49,618 - Knowledge - INFO - Worker kw7 processing /app/data/gemtektechnologycoltd2546/3455/b8507vs/lighttpd2-3455/tests/pylt/tests/t-lua.py
2025-12-18 05:11:49,773 - Knowledge - INFO - process ingested knowledge for /app/data/gemtektechnologycoltd2546/3455/b8507vs/lighttpd2-3455/doc/mod_gnutls.xml
2025-12-18 05:11:50,014 - Knowledge - INFO - [kw8] Queue=1, InProgress=0, PendingWorkers=20/20, Completed=228/290 (78.6%)
2025-12-18 05:11:50,134 - Knowledge - INFO - Worker kw5 processing /app/data/gemtektechnologycoltd2546/3455/b8507vs/lighttpd2-3455/tests/pylt/tests/t-basic-gets.py
2025-12-18 05:11:50,233 - Knowledge - INFO - Worker kw18 processing /app/data/gemtektechnologycoltd2546/3455/b8507vs/lighttpd2-3455/tests/pylt/tests/t-etag.py
2025-12-18 05:11:50,329 - Knowledge - INFO - Worker kw15 processing /app/data/gemtektechnologycoltd2546/3455/b8507vs/lighttpd2-3455/tests/pylt/tests/t-dirlist.py
2025-12-18 05:11:50,458 - Knowledge - INFO - done ingest for /app/data/gemtektechnologycoltd2546/3455/b8507vs/lighttpd2-3455/include/lighttpd/actions.h
2025-12-18 05:11:50,462 - Knowledge - INFO - Async storing batch of 4 embeddings
2025-12-18 05:11:50,468 - Knowledge - INFO - [LLM_CALL] Completed: compile.rb:chunk1, Duration: 6575ms, PromptTokens: 11002, CompletionTokens: 551, Cost: $0.00132
2025-12-18 05:11:50,613 - Knowledge - INFO - Fast-tracked /app/data/gemtektechnologycoltd2546/3455/b8507vs/lighttpd2-3455/tests/pylt/tests/t-openssl.py (ext=.py, size=1225)
2025-12-18 05:11:50,699 - Knowledge - INFO - Fast-tracked /app/data/gemtektechnologycoltd2546/3455/b8507vs/lighttpd2-3455/tests/pylt/tests/t-lua.py (ext=.py, size=2524)
2025-12-18 05:11:50,833 - Knowledge - INFO - process ingested knowledge for /app/data/gemtektechnologycoltd2546/3455/b8507vs/lighttpd2-3455/doc/bootstrap-theme.min.css
2025-12-18 05:11:50,987 - Knowledge - INFO - Batch sizing: calculated=1, max_allowed=10, queue=1, active_workers=20/20
2025-12-18 05:11:51,113 - Knowledge - INFO - Fast-tracked /app/data/gemtektechnologycoltd2546/3455/b8507vs/lighttpd2-3455/tests/pylt/tests/t-basic-gets.py (ext=.py, size=4567)
2025-12-18 05:11:51,226 - Knowledge - INFO - Fast-tracked /app/data/gemtektechnologycoltd2546/3455/b8507vs/lighttpd2-3455/tests/pylt/tests/t-etag.py (ext=.py, size=3137)
2025-12-18 05:11:51,381 - Knowledge - INFO - Fast-tracked /app/data/gemtektechnologycoltd2546/3455/b8507vs/lighttpd2-3455/tests/pylt/tests/t-dirlist.py (ext=.py, size=1198)
2025-12-18 05:11:51,571 - Knowledge - INFO - Worker kw9 processing /app/data/gemtektechnologycoltd2546/3455/b8507vs/lighttpd2-3455/tests/pylt/tests/t-mod-proxy.py
2025-12-18 05:11:51,675 - Knowledge - INFO - done ingest for /app/data/gemtektechnologycoltd2546/3455/b8507vs/lighttpd2-3455/doc/compile.rb
2025-12-18 05:11:51,716 - Knowledge - INFO - Async storing batch of 4 embeddings
2025-12-18 05:11:51,802 - Knowledge - INFO - Worker kw6 processing /app/data/gemtektechnologycoltd2546/3455/b8507vs/lighttpd2-3455/tests/pylt/tests/t-alias.py
2025-12-18 05:11:51,813 - Knowledge - INFO - [WEBSOCKET] Sent: Type=progress_update, Size: 293, Duration: 0ms
2025-12-18 05:11:51,932 - Knowledge - INFO - Worker kw7 processing /app/data/gemtektechnologycoltd2546/3455/b8507vs/lighttpd2-3455/tests/pylt/tests/t-redirect.py
2025-12-18 05:11:52,071 - Knowledge - INFO - process ingested knowledge for /app/data/gemtektechnologycoltd2546/3455/b8507vs/lighttpd2-3455/doc/bootstrap.min.css
2025-12-18 05:11:52,487 - Knowledge - INFO - Worker kw5 processing /app/data/gemtektechnologycoltd2546/3455/b8507vs/lighttpd2-3455/tests/pylt/tests/t-header-modify.py
2025-12-18 05:11:52,670 - Knowledge - INFO - Worker kw18 processing /app/data/gemtektechnologycoltd2546/3455/b8507vs/lighttpd2-3455/tests/pylt/tests/t-map-cidr.py
2025-12-18 05:11:52,823 - Knowledge - INFO - Worker kw15 processing /app/data/gemtektechnologycoltd2546/3455/b8507vs/lighttpd2-3455/tests/pylt/tests/t-secdownload.py
2025-12-18 05:11:52,973 - Knowledge - INFO - Fast-tracked /app/data/gemtektechnologycoltd2546/3455/b8507vs/lighttpd2-3455/tests/pylt/tests/t-mod-proxy.py (ext=.py, size=5345)
2025-12-18 05:11:53,195 - Knowledge - INFO - Worker kw4 processing /app/data/gemtektechnologycoltd2546/3455/b8507vs/lighttpd2-3455/tests/pylt/requests.py
2025-12-18 05:11:53,344 - Knowledge - INFO - Fast-tracked /app/data/gemtektechnologycoltd2546/3455/b8507vs/lighttpd2-3455/tests/pylt/tests/t-alias.py (ext=.py, size=918)
2025-12-18 05:11:53,410 - Knowledge - INFO - [LLM_CALL] Completed: default.html:chunk1, Duration: 8090ms, PromptTokens: 55254, CompletionTokens: 59, Cost: $0.00555
2025-12-18 05:11:53,543 - Knowledge - INFO - Fast-tracked /app/data/gemtektechnologycoltd2546/3455/b8507vs/lighttpd2-3455/tests/pylt/tests/t-redirect.py (ext=.py, size=780)
2025-12-18 05:11:53,833 - Knowledge - INFO - Fast-tracked /app/data/gemtektechnologycoltd2546/3455/b8507vs/lighttpd2-3455/tests/pylt/tests/t-header-modify.py (ext=.py, size=2061)
2025-12-18 05:11:53,955 - Knowledge - INFO - Fast-tracked /app/data/gemtektechnologycoltd2546/3455/b8507vs/lighttpd2-3455/tests/pylt/tests/t-map-cidr.py (ext=.py, size=327)
2025-12-18 05:11:54,106 - Knowledge - INFO - Fast-tracked /app/data/gemtektechnologycoltd2546/3455/b8507vs/lighttpd2-3455/tests/pylt/tests/t-secdownload.py (ext=.py, size=1219)
2025-12-18 05:11:54,157 - Knowledge - INFO - Worker kw9 processing /app/data/gemtektechnologycoltd2546/3455/b8507vs/lighttpd2-3455/tests/pylt/tests/t-mod-auth.py
2025-12-18 05:11:54,298 - Knowledge - INFO - Fast-tracked /app/data/gemtektechnologycoltd2546/3455/b8507vs/lighttpd2-3455/tests/pylt/requests.py (ext=.py, size=13572)
2025-12-18 05:11:54,380 - Knowledge - INFO - Async storage completed for 4 embeddings
2025-12-18 05:11:54,492 - Knowledge - INFO - done ingest for /app/data/gemtektechnologycoltd2546/3455/b8507vs/lighttpd2-3455/contrib/default.html
2025-12-18 05:11:54,493 - Knowledge - INFO - Processing batch of 4 files
2025-12-18 05:11:54,523 - Knowledge - INFO - [WEBSOCKET] Sent: Type=unknown, Size: ?, Duration: 2776ms
2025-12-18 05:11:54,621 - Knowledge - INFO - Worker kw7 processing /app/data/gemtektechnologycoltd2546/3455/b8507vs/lighttpd2-3455/tests/pylt/tests/t-env-set.py
2025-12-18 05:11:54,705 - Knowledge - INFO - Worker kw5 processing /app/data/gemtektechnologycoltd2546/3455/b8507vs/lighttpd2-3455/tests/pylt/tests/t-scgi.py
2025-12-18 05:11:54,809 - Knowledge - INFO - Worker kw18 processing /app/data/gemtektechnologycoltd2546/3455/b8507vs/lighttpd2-3455/tests/pylt/tests/t-gnutls.py
2025-12-18 05:11:54,892 - Knowledge - INFO - Worker kw15 processing /app/data/gemtektechnologycoltd2546/3455/b8507vs/lighttpd2-3455/tests/pylt/tests/t-cgi.py
2025-12-18 05:11:54,969 - Knowledge - INFO - Fast-tracked /app/data/gemtektechnologycoltd2546/3455/b8507vs/lighttpd2-3455/tests/pylt/tests/t-mod-auth.py (ext=.py, size=3111)
2025-12-18 05:11:55,070 - Knowledge - INFO - Worker kw4 processing /app/data/gemtektechnologycoltd2546/3455/b8507vs/lighttpd2-3455/tests/autowrapper.sh
2025-12-18 05:11:55,323 - Knowledge - INFO - process ingested knowledge for /app/data/gemtektechnologycoltd2546/3455/b8507vs/lighttpd2-3455/contrib/secdownload.lua
2025-12-18 05:11:55,430 - Knowledge - INFO - Progress: 81.0% | Files: 248/290 | Rate: 1.00 files/sec | Queue: 0
2025-12-18 05:11:55,430 - Knowledge - INFO - [LLM_CALL] Completed: core.lua:chunk1, Duration: 7463ms, PromptTokens: 2714, CompletionTokens: 391, Cost: $0.00043
2025-12-18 05:11:55,540 - Knowledge - INFO - Fast-tracked /app/data/gemtektechnologycoltd2546/3455/b8507vs/lighttpd2-3455/tests/pylt/tests/t-env-set.py (ext=.py, size=1808)
2025-12-18 05:11:55,623 - Knowledge - INFO - Fast-tracked /app/data/gemtektechnologycoltd2546/3455/b8507vs/lighttpd2-3455/tests/pylt/tests/t-scgi.py (ext=.py, size=1698)
2025-12-18 05:11:55,713 - Knowledge - INFO - Fast-tracked /app/data/gemtektechnologycoltd2546/3455/b8507vs/lighttpd2-3455/tests/pylt/tests/t-gnutls.py (ext=.py, size=1492)
2025-12-18 05:11:55,794 - Knowledge - INFO - Fast-tracked /app/data/gemtektechnologycoltd2546/3455/b8507vs/lighttpd2-3455/tests/pylt/tests/t-cgi.py (ext=.py, size=5378)
2025-12-18 05:11:55,933 - Knowledge - INFO - Worker kw9 processing /app/data/gemtektechnologycoltd2546/3455/b8507vs/lighttpd2-3455/tests/pylt/tests/t-mime-type.py
2025-12-18 05:11:56,034 - Knowledge - INFO - Fast-tracked /app/data/gemtektechnologycoltd2546/3455/b8507vs/lighttpd2-3455/tests/autowrapper.sh (ext=.sh, size=227)
2025-12-18 05:11:56,105 - Knowledge - INFO - process ingested knowledge for /app/data/gemtektechnologycoltd2546/3455/b8507vs/lighttpd2-3455/tests/run-memcached.py
2025-12-18 05:11:56,350 - Knowledge - INFO - done ingest for /app/data/gemtektechnologycoltd2546/3455/b8507vs/lighttpd2-3455/contrib/core.lua
2025-12-18 05:11:56,361 - Knowledge - INFO - Async storing batch of 4 embeddings
2025-12-18 05:11:56,376 - Knowledge - INFO - [LLM_CALL] Completed: utils.h:chunk1, Duration: 45028ms, PromptTokens: 4154, CompletionTokens: 1848, Cost: $0.00115
2025-12-18 05:11:56,455 - Knowledge - INFO - Async storage completed for 5 embeddings
2025-12-18 05:11:56,558 - Knowledge - INFO - Worker kw5 processing /app/data/gemtektechnologycoltd2546/3455/b8507vs/lighttpd2-3455/tests/pylt/tests/t-basic-docroot.py
2025-12-18 05:11:56,696 - Knowledge - INFO - Worker kw18 processing /app/data/gemtektechnologycoltd2546/3455/b8507vs/lighttpd2-3455/tests/pylt/tests/t-deflate.py
2025-12-18 05:11:56,800 - Knowledge - INFO - Worker kw15 processing /app/data/gemtektechnologycoltd2546/3455/b8507vs/lighttpd2-3455/tests/pylt/tests/t-mod-lua.py
2025-12-18 05:11:56,960 - Knowledge - INFO - Fast-tracked /app/data/gemtektechnologycoltd2546/3455/b8507vs/lighttpd2-3455/tests/pylt/tests/t-mime-type.py (ext=.py, size=1042)
2025-12-18 05:11:57,074 - Knowledge - INFO - Worker kw4 processing /app/data/gemtektechnologycoltd2546/3455/b8507vs/lighttpd2-3455/tests/run-scgi-envcheck.py
2025-12-18 05:11:57,171 - Knowledge - INFO - process ingested knowledge for /app/data/gemtektechnologycoltd2546/3455/b8507vs/lighttpd2-3455/tests/ca/createca.sh
2025-12-18 05:11:57,384 - Knowledge - INFO - Worker kw8 processing /app/data/gemtektechnologycoltd2546/3455/b8507vs/lighttpd2-3455/meson_options.txt
2025-12-18 05:11:57,504 - Knowledge - INFO - done ingest for /app/data/gemtektechnologycoltd2546/3455/b8507vs/lighttpd2-3455/include/lighttpd/utils.h
2025-12-18 05:11:57,514 - Knowledge - INFO - Processing batch of 4 files
2025-12-18 05:11:57,566 - Knowledge - INFO - Processing batch of 4 files
2025-12-18 05:11:57,566 - Knowledge - INFO - Processing batch of 5 files
2025-12-18 05:11:57,566 - Knowledge - INFO - [WEBSOCKET] Sent: Type=progress_update, Size: 291, Duration: 0ms
2025-12-18 05:11:57,803 - Knowledge - INFO - Fast-tracked /app/data/gemtektechnologycoltd2546/3455/b8507vs/lighttpd2-3455/tests/pylt/tests/t-basic-docroot.py (ext=.py, size=1828)
2025-12-18 05:11:57,929 - Knowledge - INFO - Fast-tracked /app/data/gemtektechnologycoltd2546/3455/b8507vs/lighttpd2-3455/tests/pylt/tests/t-deflate.py (ext=.py, size=1411)
2025-12-18 05:11:58,027 - Knowledge - INFO - Fast-tracked /app/data/gemtektechnologycoltd2546/3455/b8507vs/lighttpd2-3455/tests/pylt/tests/t-mod-lua.py (ext=.py, size=1092)
2025-12-18 05:11:58,097 - Knowledge - INFO - Worker kw9 processing /app/data/gemtektechnologycoltd2546/3455/b8507vs/lighttpd2-3455/tests/pylt/tests/t-memcached.py
2025-12-18 05:11:58,252 - Knowledge - INFO - Fast-tracked /app/data/gemtektechnologycoltd2546/3455/b8507vs/lighttpd2-3455/tests/run-scgi-envcheck.py (ext=.py, size=2547)
2025-12-18 05:11:58,330 - Knowledge - INFO - process ingested knowledge for /app/data/gemtektechnologycoltd2546/3455/b8507vs/lighttpd2-3455/tests/run-fcgi-cgi.py
2025-12-18 05:11:58,414 - Knowledge - INFO - Fast-tracked /app/data/gemtektechnologycoltd2546/3455/b8507vs/lighttpd2-3455/meson_options.txt (ext=.txt, size=1465)
2025-12-18 05:11:58,670 - Knowledge - INFO - process ingested knowledge for /app/data/gemtektechnologycoltd2546/3455/b8507vs/lighttpd2-3455/doc/mod_core.lua.xml
2025-12-18 05:11:58,807 - Knowledge - INFO - process ingested knowledge for /app/data/gemtektechnologycoltd2546/3455/b8507vs/lighttpd2-3455/tests/CONTRIBUTE.md
2025-12-18 05:11:58,922 - Knowledge - INFO - process ingested knowledge for /app/data/gemtektechnologycoltd2546/3455/b8507vs/lighttpd2-3455/include/lighttpd/angel.h
2025-12-18 05:11:59,051 - Knowledge - INFO - Processing batch of 5 files
2025-12-18 05:11:59,068 - Knowledge - INFO - [LLM_CALL] Completed: create-mimetypes.conf.pl:chunk1, Duration: 13767ms, PromptTokens: 3936, CompletionTokens: 262, Cost: $0.00050
2025-12-18 05:11:59,179 - Knowledge - INFO - Async storage completed for 5 embeddings
2025-12-18 05:11:59,308 - Knowledge - INFO - Async storage completed for 5 embeddings
2025-12-18 05:11:59,382 - Knowledge - INFO - Async storage completed for 5 embeddings
2025-12-18 05:11:59,485 - Knowledge - INFO - Fast-tracked /app/data/gemtektechnologycoltd2546/3455/b8507vs/lighttpd2-3455/tests/pylt/tests/t-memcached.py (ext=.py, size=2294)
2025-12-18 05:11:59,573 - Knowledge - INFO - Worker kw4 processing /app/data/gemtektechnologycoltd2546/3455/b8507vs/lighttpd2-3455/tests/runtests.py
2025-12-18 05:11:59,823 - Knowledge - INFO - Async storage completed for 4 embeddings
2025-12-18 05:11:59,973 - Knowledge - INFO - process ingested knowledge for /app/data/gemtektechnologycoltd2546/3455/b8507vs/lighttpd2-3455/doc/mod_fastcgi.xml
2025-12-18 05:12:00,029 - Knowledge - INFO - process ingested knowledge for /app/data/gemtektechnologycoltd2546/3455/b8507vs/lighttpd2-3455/tests/pylt/fastcgi.py
2025-12-18 05:12:00,134 - Knowledge - INFO - process ingested knowledge for /app/data/gemtektechnologycoltd2546/3455/b8507vs/lighttpd2-3455/include/lighttpd/condition.h
2025-12-18 05:12:00,209 - Knowledge - INFO - process ingested knowledge for /app/data/gemtektechnologycoltd2546/3455/b8507vs/lighttpd2-3455/include/lighttpd/etag.h
2025-12-18 05:12:00,298 - Knowledge - INFO - done ingest for /app/data/gemtektechnologycoltd2546/3455/b8507vs/lighttpd2-3455/contrib/create-mimetypes.conf.pl
2025-12-18 05:12:00,298 - Knowledge - INFO - Processing batch of 4 files
2025-12-18 05:12:00,306 - Knowledge - INFO - [WEBSOCKET] Sent: Type=unknown, Size: ?, Duration: 2740ms
2025-12-18 05:12:00,825 - Knowledge - INFO - Async storage completed for 4 embeddings
2025-12-18 05:12:00,949 - Knowledge - INFO - Fast-tracked /app/data/gemtektechnologycoltd2546/3455/b8507vs/lighttpd2-3455/tests/runtests.py (ext=.py, size=152)
2025-12-18 05:12:01,143 - Knowledge - INFO - process ingested knowledge for /app/data/gemtektechnologycoltd2546/3455/b8507vs/lighttpd2-3455/contrib/default.html
2025-12-18 05:12:01,248 - Knowledge - INFO - process ingested knowledge for /app/data/gemtektechnologycoltd2546/3455/b8507vs/lighttpd2-3455/tests/pylt/service.py
2025-12-18 05:12:01,364 - Knowledge - INFO - process ingested knowledge for /app/data/gemtektechnologycoltd2546/3455/b8507vs/lighttpd2-3455/include/lighttpd/encoding.h
2025-12-18 05:12:01,469 - Knowledge - INFO - process ingested knowledge for /app/data/gemtektechnologycoltd2546/3455/b8507vs/lighttpd2-3455/include/lighttpd/mempool.h
2025-12-18 05:12:01,731 - Knowledge - INFO - process ingested knowledge for /app/data/gemtektechnologycoltd2546/3455/b8507vs/lighttpd2-3455/doc/mod_deflate.xml
2025-12-18 05:12:01,827 - Knowledge - INFO - Progress: 86.2% | Files: 263/290 | Rate: 1.03 files/sec | Queue: 0
2025-12-18 05:12:01,840 - Knowledge - INFO - Processing batch of 1 files
2025-12-18 05:12:01,840 - Knowledge - INFO - Processing batch of 4 files
2025-12-18 05:12:01,843 - Knowledge - INFO - [WEBSOCKET] Sent: Type=progress_update, Size: 271, Duration: 0ms
2025-12-18 05:12:02,122 - Knowledge - INFO - Async storage completed for 4 embeddings
2025-12-18 05:12:02,237 - Knowledge - INFO - process ingested knowledge for /app/data/gemtektechnologycoltd2546/3455/b8507vs/lighttpd2-3455/contrib/secdownload__secdownload.lua
2025-12-18 05:12:02,350 - Knowledge - INFO - process ingested knowledge for /app/data/gemtektechnologycoltd2546/3455/b8507vs/lighttpd2-3455/tests/pylt/run.py
2025-12-18 05:12:02,437 - Knowledge - INFO - process ingested knowledge for /app/data/gemtektechnologycoltd2546/3455/b8507vs/lighttpd2-3455/include/lighttpd/angel_plugin_core.h
2025-12-18 05:12:02,544 - Knowledge - INFO - process ingested knowledge for /app/data/gemtektechnologycoltd2546/3455/b8507vs/lighttpd2-3455/include/lighttpd/chunk.h
2025-12-18 05:12:02,688 - Knowledge - INFO - process ingested knowledge for /app/data/gemtektechnologycoltd2546/3455/b8507vs/lighttpd2-3455/doc/mod_progress.xml
2025-12-18 05:12:02,881 - Knowledge - INFO - process ingested knowledge for /app/data/gemtektechnologycoltd2546/3455/b8507vs/lighttpd2-3455/meson_options.txt
2025-12-18 05:12:02,963 - Knowledge - INFO - process ingested knowledge for /app/data/gemtektechnologycoltd2546/3455/b8507vs/lighttpd2-3455/contrib/create-mimetypes.conf.pl
2025-12-18 05:12:03,038 - Knowledge - INFO - Processing batch of 5 files
2025-12-18 05:12:03,039 - Knowledge - INFO - [WEBSOCKET] Sent: Type=unknown, Size: ?, Duration: 1196ms
2025-12-18 05:12:03,551 - Knowledge - INFO - process ingested knowledge for /app/data/gemtektechnologycoltd2546/3455/b8507vs/lighttpd2-3455/include/lighttpd/value.h
2025-12-18 05:12:03,822 - Knowledge - INFO - process ingested knowledge for /app/data/gemtektechnologycoltd2546/3455/b8507vs/lighttpd2-3455/doc/bootstrap.min.js
2025-12-18 05:12:03,913 - Knowledge - INFO - process ingested knowledge for /app/data/gemtektechnologycoltd2546/3455/b8507vs/lighttpd2-3455/include/lighttpd/request.h
2025-12-18 05:12:03,949 - Knowledge - INFO - process ingested knowledge for /app/data/gemtektechnologycoltd2546/3455/b8507vs/lighttpd2-3455/include/lighttpd/angel_server.h
2025-12-18 05:12:04,059 - Knowledge - INFO - Progress: 91.7% | Files: 269/290 | Rate: 1.04 files/sec | Queue: 0
2025-12-18 05:12:04,061 - Knowledge - INFO - Processing batch of 5 files
2025-12-18 05:12:04,067 - Knowledge - INFO - process ingested knowledge for /app/data/gemtektechnologycoltd2546/3455/b8507vs/lighttpd2-3455/contrib/core__xsendfile.lua
2025-12-18 05:12:04,097 - Knowledge - INFO - Processing batch of 4 files
2025-12-18 05:12:04,103 - Knowledge - INFO - Processing batch of 4 files
2025-12-18 05:12:04,105 - Knowledge - INFO - Processing batch of 4 files
2025-12-18 05:12:04,108 - Knowledge - INFO - Processing batch of 4 files
2025-12-18 05:12:04,118 - Knowledge - INFO - Processing batch of 4 files
2025-12-18 05:12:04,119 - Knowledge - INFO - Processing batch of 4 files
2025-12-18 05:12:04,119 - Knowledge - INFO - Processing batch of 4 files
2025-12-18 05:12:04,119 - Knowledge - INFO - Processing batch of 5 files
2025-12-18 05:12:04,266 - Knowledge - INFO - process ingested knowledge for /app/data/gemtektechnologycoltd2546/3455/b8507vs/lighttpd2-3455/doc/compile.rb
2025-12-18 05:12:04,385 - Knowledge - INFO - process ingested knowledge for /app/data/gemtektechnologycoltd2546/3455/b8507vs/lighttpd2-3455/include/lighttpd/stream_http_response.h
2025-12-18 05:12:04,480 - Knowledge - INFO - process ingested knowledge for /app/data/gemtektechnologycoltd2546/3455/b8507vs/lighttpd2-3455/include/lighttpd/angel_plugin.h
2025-12-18 05:12:04,666 - Knowledge - INFO - process ingested knowledge for /app/data/gemtektechnologycoltd2546/3455/b8507vs/lighttpd2-3455/include/lighttpd/ip_parsers.h
2025-12-18 05:12:04,752 - Knowledge - INFO - process ingested knowledge for /app/data/gemtektechnologycoltd2546/3455/b8507vs/lighttpd2-3455/contrib/core.lua
2025-12-18 05:12:04,823 - Knowledge - INFO - process ingested knowledge for /app/data/gemtektechnologycoltd2546/3455/b8507vs/lighttpd2-3455/tests/pylt/base.py
2025-12-18 05:12:04,972 - Knowledge - INFO - process ingested knowledge for /app/data/gemtektechnologycoltd2546/3455/b8507vs/lighttpd2-3455/tests/pylt/tests/t-rewrite.py
2025-12-18 05:12:05,061 - Knowledge - INFO - process ingested knowledge for /app/data/gemtektechnologycoltd2546/3455/b8507vs/lighttpd2-3455/tests/pylt/tests/t-dirlist.py
2025-12-18 05:12:05,133 - Knowledge - INFO - process ingested knowledge for /app/data/gemtektechnologycoltd2546/3455/b8507vs/lighttpd2-3455/tests/pylt/tests/t-etag.py
2025-12-18 05:12:05,221 - Knowledge - INFO - process ingested knowledge for /app/data/gemtektechnologycoltd2546/3455/b8507vs/lighttpd2-3455/tests/pylt/requests.py
2025-12-18 05:12:05,313 - Knowledge - INFO - process ingested knowledge for /app/data/gemtektechnologycoltd2546/3455/b8507vs/lighttpd2-3455/tests/pylt/tests/t-basic-gets.py
2025-12-18 05:12:05,403 - Knowledge - INFO - process ingested knowledge for /app/data/gemtektechnologycoltd2546/3455/b8507vs/lighttpd2-3455/tests/pylt/tests/t-mod-proxy.py
2025-12-18 05:12:05,516 - Knowledge - INFO - process ingested knowledge for /app/data/gemtektechnologycoltd2546/3455/b8507vs/lighttpd2-3455/include/lighttpd/chunk_parser.h
2025-12-18 05:12:05,871 - Knowledge - INFO - process ingested knowledge for /app/data/gemtektechnologycoltd2546/3455/b8507vs/lighttpd2-3455/include/lighttpd/events.h
2025-12-18 05:12:05,945 - Knowledge - INFO - process ingested knowledge for /app/data/gemtektechnologycoltd2546/3455/b8507vs/lighttpd2-3455/include/lighttpd/tasklet.h
2025-12-18 05:12:06,033 - Knowledge - INFO - process ingested knowledge for /app/data/gemtektechnologycoltd2546/3455/b8507vs/lighttpd2-3455/contrib/core__cached_html.lua
2025-12-18 05:12:06,312 - Knowledge - INFO - process ingested knowledge for /app/data/gemtektechnologycoltd2546/3455/b8507vs/lighttpd2-3455/tests/pylt/tests/t-lua.py
2025-12-18 05:12:06,312 - Knowledge - INFO - process ingested knowledge for /app/data/gemtektechnologycoltd2546/3455/b8507vs/lighttpd2-3455/tests/pylt/tests/t-secdownload.py
2025-12-18 05:12:06,313 - Knowledge - INFO - [WEBSOCKET] Sent: Type=progress_update, Size: 272, Duration: 0ms
2025-12-18 05:12:06,314 - Knowledge - INFO - process ingested knowledge for /app/data/gemtektechnologycoltd2546/3455/b8507vs/lighttpd2-3455/tests/pylt/logfile.py
2025-12-18 05:12:06,458 - Knowledge - INFO - process ingested knowledge for /app/data/gemtektechnologycoltd2546/3455/b8507vs/lighttpd2-3455/tests/pylt/tests/t-map-cidr.py
2025-12-18 05:12:06,488 - Knowledge - INFO - process ingested knowledge for /app/data/gemtektechnologycoltd2546/3455/b8507vs/lighttpd2-3455/tests/autowrapper.sh
2025-12-18 05:12:06,577 - Knowledge - INFO - process ingested knowledge for /app/data/gemtektechnologycoltd2546/3455/b8507vs/lighttpd2-3455/tests/pylt/tests/t-header-modify.py
2025-12-18 05:12:06,661 - Knowledge - INFO - process ingested knowledge for /app/data/gemtektechnologycoltd2546/3455/b8507vs/lighttpd2-3455/tests/pylt/tests/t-mod-auth.py
2025-12-18 05:12:06,734 - Knowledge - INFO - process ingested knowledge for /app/data/gemtektechnologycoltd2546/3455/b8507vs/lighttpd2-3455/include/lighttpd/angel_base.h
2025-12-18 05:12:06,808 - Knowledge - INFO - process ingested knowledge for /app/data/gemtektechnologycoltd2546/3455/b8507vs/lighttpd2-3455/include/lighttpd/filter_buffer_on_disk.h
2025-12-18 05:12:06,895 - Knowledge - INFO - process ingested knowledge for /app/data/gemtektechnologycoltd2546/3455/b8507vs/lighttpd2-3455/include/lighttpd/condition_lua.h
2025-12-18 05:12:07,100 - Knowledge - INFO - process ingested knowledge for /app/data/gemtektechnologycoltd2546/3455/b8507vs/lighttpd2-3455/tests/pylt/tests/t-redirect.py
2025-12-18 05:12:07,211 - Knowledge - INFO - process ingested knowledge for /app/data/gemtektechnologycoltd2546/3455/b8507vs/lighttpd2-3455/tests/pylt/tests/t-cgi.py
2025-12-18 05:12:07,315 - Knowledge - INFO - [WEBSOCKET] Sent: Type=unknown, Size: ?, Duration: 1001ms
2025-12-18 05:12:07,497 - Knowledge - INFO - process ingested knowledge for /app/data/gemtektechnologycoltd2546/3455/b8507vs/lighttpd2-3455/tests/pylt/tests/t-openssl.py
2025-12-18 05:12:07,499 - Knowledge - INFO - process ingested knowledge for /app/data/gemtektechnologycoltd2546/3455/b8507vs/lighttpd2-3455/tests/pylt/tests/t-gnutls.py
2025-12-18 05:12:07,573 - Knowledge - INFO - process ingested knowledge for /app/data/gemtektechnologycoltd2546/3455/b8507vs/lighttpd2-3455/tests/run-scgi-envcheck.py
2025-12-18 05:12:07,652 - Knowledge - INFO - process ingested knowledge for /app/data/gemtektechnologycoltd2546/3455/b8507vs/lighttpd2-3455/tests/pylt/tests/t-scgi.py
2025-12-18 05:12:07,752 - Knowledge - INFO - process ingested knowledge for /app/data/gemtektechnologycoltd2546/3455/b8507vs/lighttpd2-3455/tests/pylt/tests/t-mime-type.py
2025-12-18 05:12:07,844 - Knowledge - INFO - process ingested knowledge for /app/data/gemtektechnologycoltd2546/3455/b8507vs/lighttpd2-3455/include/lighttpd/actions.h
2025-12-18 05:12:07,922 - Knowledge - INFO - process ingested knowledge for /app/data/gemtektechnologycoltd2546/3455/b8507vs/lighttpd2-3455/include/lighttpd/environment.h
2025-12-18 05:12:08,004 - Knowledge - INFO - process ingested knowledge for /app/data/gemtektechnologycoltd2546/3455/b8507vs/lighttpd2-3455/include/lighttpd/base.h
2025-12-18 05:12:08,097 - Knowledge - INFO - process ingested knowledge for /app/data/gemtektechnologycoltd2546/3455/b8507vs/lighttpd2-3455/tests/pylt/tests/t-env-set.py
2025-12-18 05:12:08,189 - Knowledge - INFO - process ingested knowledge for /app/data/gemtektechnologycoltd2546/3455/b8507vs/lighttpd2-3455/tests/pylt/tests/t-mod-lua.py
2025-12-18 05:12:08,275 - Knowledge - INFO - Progress: 100.0% | Files: 290/290 | Rate: 1.10 files/sec | Queue: 0
2025-12-18 05:12:08,381 - Knowledge - INFO - process ingested knowledge for /app/data/gemtektechnologycoltd2546/3455/b8507vs/lighttpd2-3455/tests/pylt/tests/t-alias.py
2025-12-18 05:12:08,457 - Knowledge - INFO - process ingested knowledge for /app/data/gemtektechnologycoltd2546/3455/b8507vs/lighttpd2-3455/tests/pylt/tests/t-deflate.py
2025-12-18 05:12:08,550 - Knowledge - INFO - process ingested knowledge for /app/data/gemtektechnologycoltd2546/3455/b8507vs/lighttpd2-3455/tests/runtests.py
2025-12-18 05:12:08,663 - Knowledge - INFO - process ingested knowledge for /app/data/gemtektechnologycoltd2546/3455/b8507vs/lighttpd2-3455/tests/pylt/tests/t-basic-docroot.py
2025-12-18 05:12:08,760 - Knowledge - INFO - process ingested knowledge for /app/data/gemtektechnologycoltd2546/3455/b8507vs/lighttpd2-3455/tests/pylt/tests/t-memcached.py
2025-12-18 05:12:08,835 - Knowledge - INFO - process ingested knowledge for /app/data/gemtektechnologycoltd2546/3455/b8507vs/lighttpd2-3455/include/lighttpd/utils.h
2025-12-18 05:12:09,005 - Knowledge - INFO - process ingested knowledge for /app/data/gemtektechnologycoltd2546/3455/b8507vs/lighttpd2-3455/include/lighttpd/hedley.h
2025-12-18 05:12:09,872 - Knowledge - INFO - process ingested knowledge for /app/data/gemtektechnologycoltd2546/3455/b8507vs/lighttpd2-3455/include/lighttpd/settings.h
2025-12-18 05:12:12,538 - Knowledge - INFO - Knowledge creation complete
2025-12-18 05:12:12,765 - Knowledge - INFO - ==================================================
2025-12-18 05:12:12,941 - Knowledge - INFO - KNOWLEDGE GRAPH GENERATION PERFORMANCE SUMMARY
2025-12-18 05:12:13,098 - Knowledge - INFO - ==================================================
2025-12-18 05:12:13,306 - Knowledge - INFO - Total processing time: 269.68 seconds (4.49 minutes)
2025-12-18 05:12:13,508 - Knowledge - INFO - Files processed: 0
2025-12-18 05:12:13,688 - Knowledge - INFO - Processing rate: 0.00 files/second
2025-12-18 05:12:13,838 - Knowledge - INFO - 
[TIME_BREAKDOWN]
2025-12-18 05:12:14,010 - Knowledge - INFO - File Reading: 0.00s (0.0%)
2025-12-18 05:12:14,232 - Knowledge - INFO - LLM Processing: 2094.51s (776.7%)
2025-12-18 05:12:14,416 - Knowledge - INFO - MongoDB Operations: 0.00s (0.0%)
2025-12-18 05:12:14,581 - Knowledge - INFO - Redis Operations: 0.00s (0.0%)
2025-12-18 05:12:14,768 - Knowledge - INFO - WebSocket Communication: 42.10s (15.6%)
2025-12-18 05:12:14,926 - Knowledge - INFO - 
[LLM_STATS]
2025-12-18 05:12:15,115 - Knowledge - INFO - Total LLM calls: 49
2025-12-18 05:12:15,352 - Knowledge - INFO - Average LLM response time: 42745ms
2025-12-18 05:12:15,510 - Knowledge - INFO - Average prompt tokens: 8027.7
2025-12-18 05:12:15,705 - Knowledge - INFO - Average completion tokens: 924.7
2025-12-18 05:12:15,870 - Knowledge - INFO - Total prompt tokens: 393356
2025-12-18 05:12:16,022 - Knowledge - INFO - Total completion tokens: 45310
2025-12-18 05:12:16,177 - Knowledge - INFO - Total LLM cost: $0.0575
2025-12-18 05:12:16,390 - Knowledge - INFO - 
[DATABASE_STATS]
2025-12-18 05:12:16,577 - Knowledge - INFO - MongoDB operations: 0
2025-12-18 05:12:16,792 - Knowledge - INFO - Redis operations: 0
2025-12-18 05:12:16,986 - Knowledge - INFO - 
[COMMUNICATION_STATS]
2025-12-18 05:12:17,166 - Knowledge - INFO - WebSocket messages sent: 43
2025-12-18 05:12:17,367 - Knowledge - INFO - Average message size: 145.3 bytes
2025-12-18 05:12:17,553 - Knowledge - INFO - 
[WORKER_STATS]
2025-12-18 05:12:17,713 - Knowledge - INFO - 
[FILE_TYPE_STATS]
2025-12-18 05:12:17,905 - Knowledge - INFO - 
[SLOWEST_FILES]
2025-12-18 05:12:18,076 - Knowledge - INFO - ==================================================
2025-12-18 05:12:18,239 - Knowledge - INFO - ==================================================
2025-12-18 05:12:18,458 - Knowledge - INFO - KNOWLEDGE GRAPH GENERATION PERFORMANCE SUMMARY
2025-12-18 05:12:18,654 - Knowledge - INFO - ==================================================
2025-12-18 05:12:18,856 - Knowledge - INFO - Total processing time: 275.22 seconds (4.59 minutes)
2025-12-18 05:12:19,068 - Knowledge - INFO - Files processed: 290 of 290
2025-12-18 05:12:19,260 - Knowledge - INFO - Processing rate: 1.05 files/second
2025-12-18 05:12:19,449 - Knowledge - INFO - WebSocket messages sent: 21
2025-12-18 05:12:19,604 - Knowledge - INFO - MongoDB operations: 290
2025-12-18 05:12:19,780 - Knowledge - INFO - Average MongoDB ops per file: 1.00
2025-12-18 05:12:19,948 - Knowledge - INFO - LLM costs: $0.0575
2025-12-18 05:12:20,101 - Knowledge - INFO - Prompt tokens: 393356
2025-12-18 05:12:20,276 - Knowledge - INFO - Completion tokens: 45310
2025-12-18 05:12:20,473 - Knowledge - INFO - Updating org costs, total cost: 0.05745959999999999
2025-12-18 05:12:20,962 - Knowledge - INFO - [WEBSOCKET] Sent: Type=progress_update, Size: 269, Duration: 0ms
2025-12-18 05:12:21,172 - Knowledge - INFO - Saving knowledge to Redis...
2025-12-18 05:12:21,677 - Knowledge - INFO - Knowledge saved to Redis successfully
